Basin,Date,Latitude,Longitude,Number of Records,Pressure (mb),Storm Name,Wind speed (kt)
West Pacific,3/26/2012 12:00:00 AM,9.5,115.7,1,1010,PAKHAR,0
West Pacific,3/26/2012 6:00:00 AM,9.5,115.4,1,1008,PAKHAR,0
West Pacific,3/26/2012 12:00:00 PM,9.5,115.1,1,1008,PAKHAR,0
West Pacific,3/26/2012 6:00:00 PM,9.4,114.8,1,1010,PAKHAR,0
West Pacific,3/27/2012 12:00:00 AM,9.4,114.5,1,1010,PAKHAR,0
West Pacific,3/27/2012 6:00:00 AM,9.4,114.3,1,1008,PAKHAR,0
West Pacific,3/27/2012 12:00:00 PM,9.4,114,1,1008,PAKHAR,0
West Pacific,3/27/2012 6:00:00 PM,9.4,113.7,1,1008,PAKHAR,0
West Pacific,3/28/2012 12:00:00 AM,9.4,113.4,1,1010,PAKHAR,0
West Pacific,3/28/2012 6:00:00 AM,9.3,113.1,1,1008,PAKHAR,0
West Pacific,3/28/2012 12:00:00 PM,9.3,112.8,1,1008,PAKHAR,0
West Pacific,3/28/2012 6:00:00 PM,9.4,112.5,1,1008,PAKHAR,0
West Pacific,3/29/2012 12:00:00 AM,9.6,112.3,1,1008,PAKHAR,0
West Pacific,3/29/2012 6:00:00 AM,9.7,112,1,1006,PAKHAR,0
West Pacific,3/29/2012 12:00:00 PM,9.7,111.8,1,1004,PAKHAR,35
West Pacific,3/29/2012 6:00:00 PM,9.7,111.6,1,1002,PAKHAR,35
West Pacific,3/30/2012 12:00:00 AM,9.7,111.3,1,1000,PAKHAR,40
West Pacific,3/30/2012 6:00:00 AM,9.7,111,1,998,PAKHAR,40
West Pacific,3/30/2012 12:00:00 PM,9.7,110.7,1,998,PAKHAR,40
West Pacific,3/30/2012 6:00:00 PM,9.7,110.4,1,998,PAKHAR,40
West Pacific,3/31/2012 12:00:00 AM,9.7,110,1,998,PAKHAR,40
West Pacific,3/31/2012 6:00:00 AM,9.8,109.5,1,998,PAKHAR,40
West Pacific,3/31/2012 12:00:00 PM,9.9,109.1,1,998,PAKHAR,40
West Pacific,3/31/2012 6:00:00 PM,9.9,108.7,1,998,PAKHAR,40
West Pacific,4/1/2012 12:00:00 AM,10,108.3,1,998,PAKHAR,40
West Pacific,4/1/2012 6:00:00 AM,10,107.8,1,1000,PAKHAR,40
West Pacific,4/1/2012 12:00:00 PM,10.5,107.4,1,1002,PAKHAR,35
West Pacific,4/1/2012 6:00:00 PM,11,107,1,1004,PAKHAR,35
West Pacific,4/2/2012 12:00:00 AM,11.5,106.5,1,1006,PAKHAR,0
West Pacific,4/2/2012 6:00:00 AM,12,106.1,1,1008,PAKHAR,0
West Pacific,5/20/2012 6:00:00 PM,10.5,148.5,1,1006,SANVU,0
West Pacific,5/21/2012 12:00:00 AM,10.9,147.7,1,1006,SANVU,0
West Pacific,5/21/2012 6:00:00 AM,11.4,146.7,1,1006,SANVU,0
West Pacific,5/21/2012 12:00:00 PM,12.2,145.6,1,1006,SANVU,0
West Pacific,5/21/2012 6:00:00 PM,12.7,144.8,1,1004,SANVU,0
West Pacific,5/22/2012 12:00:00 AM,13.2,144,1,1004,SANVU,0
West Pacific,5/22/2012 6:00:00 AM,13.9,143.3,1,1002,SANVU,35
West Pacific,5/22/2012 12:00:00 PM,14.6,142.3,1,1002,SANVU,35
West Pacific,5/22/2012 6:00:00 PM,15.4,141.5,1,998,SANVU,40
West Pacific,5/23/2012 12:00:00 AM,16.1,140.9,1,998,SANVU,40
West Pacific,5/23/2012 6:00:00 AM,16.7,140.5,1,996,SANVU,40
West Pacific,5/23/2012 12:00:00 PM,17.4,140,1,992,SANVU,45
West Pacific,5/23/2012 6:00:00 PM,18.1,139.7,1,990,SANVU,45
West Pacific,5/24/2012 12:00:00 AM,18.8,139.4,1,990,SANVU,45
West Pacific,5/24/2012 6:00:00 AM,19.6,139.1,1,985,SANVU,50
West Pacific,5/24/2012 12:00:00 PM,20.7,139,1,980,SANVU,55
West Pacific,5/24/2012 6:00:00 PM,21.4,139,1,975,SANVU,60
West Pacific,5/25/2012 12:00:00 AM,22.2,139.2,1,975,SANVU,60
West Pacific,5/25/2012 6:00:00 AM,23,139.6,1,975,SANVU,60
West Pacific,5/25/2012 12:00:00 PM,23.5,139.9,1,975,SANVU,60
West Pacific,5/25/2012 6:00:00 PM,23.9,140.4,1,975,SANVU,60
West Pacific,5/26/2012 12:00:00 AM,24.5,141.1,1,975,SANVU,60
West Pacific,5/26/2012 6:00:00 AM,24.8,142,1,975,SANVU,60
West Pacific,5/26/2012 12:00:00 PM,25.1,143.3,1,980,SANVU,55
West Pacific,5/26/2012 6:00:00 PM,25.4,144.6,1,985,SANVU,50
West Pacific,5/27/2012 12:00:00 AM,26.5,146,1,990,SANVU,45
West Pacific,5/27/2012 6:00:00 AM,27.5,147.1,1,992,SANVU,45
West Pacific,5/27/2012 12:00:00 PM,28.3,148.7,1,994,SANVU,40
West Pacific,5/27/2012 6:00:00 PM,29.5,150,1,994,SANVU,0
West Pacific,5/28/2012 12:00:00 AM,31,152,1,1000,SANVU,0
West Pacific,5/28/2012 6:00:00 AM,31.4,153.3,1,1002,SANVU,0
West Pacific,5/28/2012 12:00:00 PM,31.8,154.9,1,1004,SANVU,0
West Pacific,5/28/2012 6:00:00 PM,32.6,157,1,1008,SANVU,0
West Pacific,5/29/2012 12:00:00 AM,34,158.7,1,1010,SANVU,0
West Pacific,5/29/2012 6:00:00 AM,34.6,160.7,1,1012,SANVU,0
West Pacific,5/29/2012 12:00:00 PM,35.2,163,1,1014,SANVU,0
West Pacific,5/29/2012 6:00:00 PM,35.4,164,1,1016,SANVU,0
West Pacific,5/30/2012 12:00:00 AM,35.4,167.4,1,1016,SANVU,0
West Pacific,5/30/2012 6:00:00 AM,35.7,169.1,1,1016,SANVU,0
West Pacific,5/30/2012 12:00:00 PM,35.5,170.6,1,1016,SANVU,0
West Pacific,5/31/2012 6:00:00 PM,13.9,127.3,1,1002,MAWAR,0
West Pacific,6/1/2012 12:00:00 AM,14.3,126.3,1,1000,MAWAR,0
West Pacific,6/1/2012 6:00:00 AM,14.9,125.5,1,998,MAWAR,0
West Pacific,6/1/2012 12:00:00 PM,15.4,125.1,1,998,MAWAR,0
West Pacific,6/1/2012 6:00:00 PM,16,124.8,1,996,MAWAR,35
West Pacific,6/2/2012 12:00:00 AM,16.6,124.3,1,990,MAWAR,45
West Pacific,6/2/2012 6:00:00 AM,17.1,124.3,1,985,MAWAR,50
West Pacific,6/2/2012 12:00:00 PM,17.6,124.5,1,980,MAWAR,55
West Pacific,6/2/2012 6:00:00 PM,18.1,124.7,1,980,MAWAR,55
West Pacific,6/3/2012 12:00:00 AM,18.6,125,1,980,MAWAR,55
West Pacific,6/3/2012 6:00:00 AM,19.3,125.4,1,975,MAWAR,60
West Pacific,6/3/2012 12:00:00 PM,20,125.7,1,970,MAWAR,65
West Pacific,6/3/2012 6:00:00 PM,20.8,125.7,1,960,MAWAR,75
West Pacific,6/4/2012 12:00:00 AM,21.5,126.2,1,960,MAWAR,75
West Pacific,6/4/2012 6:00:00 AM,22.6,126.7,1,960,MAWAR,75
West Pacific,6/4/2012 12:00:00 PM,23.3,127.7,1,960,MAWAR,70
West Pacific,6/4/2012 3:00:00 PM,23.6,128.3,1,965,MAWAR,70
West Pacific,6/4/2012 6:00:00 PM,24.6,129,1,965,MAWAR,70
West Pacific,6/4/2012 9:00:00 PM,25.4,129.7,1,970,MAWAR,70
West Pacific,6/5/2012 12:00:00 AM,26,130.4,1,970,MAWAR,65
West Pacific,6/5/2012 3:00:00 AM,26.6,131.3,1,970,MAWAR,65
West Pacific,6/5/2012 6:00:00 AM,27.4,132.3,1,975,MAWAR,60
West Pacific,6/5/2012 12:00:00 PM,28.5,134.8,1,975,MAWAR,60
West Pacific,6/5/2012 6:00:00 PM,29.8,137.6,1,980,MAWAR,55
West Pacific,6/6/2012 12:00:00 AM,31.4,141.3,1,980,MAWAR,55
West Pacific,6/6/2012 6:00:00 AM,33.3,145.5,1,976,MAWAR,0
West Pacific,6/6/2012 12:00:00 PM,35.6,147.4,1,968,MAWAR,0
West Pacific,6/6/2012 6:00:00 PM,37.6,149.8,1,964,MAWAR,0
West Pacific,6/7/2012 12:00:00 AM,39,151.4,1,968,MAWAR,0
West Pacific,6/7/2012 6:00:00 AM,40.1,152.4,1,972,MAWAR,0
West Pacific,6/7/2012 12:00:00 PM,40.8,153.5,1,972,MAWAR,0
West Pacific,6/7/2012 6:00:00 PM,41.2,155.5,1,972,MAWAR,0
West Pacific,6/8/2012 12:00:00 AM,41.5,157.4,1,976,MAWAR,0
West Pacific,6/8/2012 6:00:00 AM,42,159.9,1,980,MAWAR,0
West Pacific,6/8/2012 12:00:00 PM,42.7,161.9,1,982,MAWAR,0
West Pacific,6/8/2012 6:00:00 PM,43.7,164.2,1,984,MAWAR,0
West Pacific,6/9/2012 12:00:00 AM,44.2,166.3,1,988,MAWAR,0
West Pacific,6/9/2012 6:00:00 AM,45.8,168.2,1,988,MAWAR,0
West Pacific,6/9/2012 12:00:00 PM,47.4,169.5,1,988,MAWAR,0
West Pacific,6/9/2012 6:00:00 PM,48.6,170.1,1,988,MAWAR,0
West Pacific,6/10/2012 12:00:00 AM,49.9,170.9,1,990,MAWAR,0
West Pacific,6/10/2012 6:00:00 AM,51.5,170,1,992,MAWAR,0
West Pacific,6/10/2012 12:00:00 PM,7.2,148.6,1,1008,GUCHOL,0
West Pacific,6/10/2012 12:00:00 PM,52,169.4,1,992,MAWAR,0
West Pacific,6/10/2012 6:00:00 PM,8.8,148.2,1,1008,GUCHOL,0
West Pacific,6/10/2012 6:00:00 PM,52.3,168.8,1,996,MAWAR,0
West Pacific,6/11/2012 12:00:00 AM,9,147.3,1,1008,GUCHOL,0
West Pacific,6/11/2012 12:00:00 AM,52.2,168.9,1,996,MAWAR,0
West Pacific,6/11/2012 6:00:00 AM,9.1,146.4,1,1006,GUCHOL,0
West Pacific,6/11/2012 6:00:00 AM,52.9,170.5,1,1000,MAWAR,0
West Pacific,6/11/2012 12:00:00 PM,9.3,145.5,1,1008,GUCHOL,0
West Pacific,6/11/2012 12:00:00 PM,53.3,171.4,1,1004,MAWAR,0
West Pacific,6/11/2012 6:00:00 PM,9.4,144.6,1,1006,GUCHOL,0
West Pacific,6/11/2012 6:00:00 PM,53.5,170.7,1,1004,MAWAR,0
West Pacific,6/12/2012 12:00:00 AM,9.6,143.7,1,1006,GUCHOL,0
West Pacific,6/12/2012 12:00:00 AM,54,169.8,1,1006,MAWAR,0
West Pacific,6/12/2012 6:00:00 AM,9.5,143,1,1004,GUCHOL,0
West Pacific,6/12/2012 6:00:00 AM,54.2,170,1,1006,MAWAR,0
West Pacific,6/12/2012 12:00:00 PM,9.5,142.2,1,1006,GUCHOL,0
West Pacific,6/12/2012 12:00:00 PM,53.7,168.6,1,1006,MAWAR,0
West Pacific,6/12/2012 6:00:00 PM,9.4,141.5,1,1004,GUCHOL,0
West Pacific,6/12/2012 6:00:00 PM,53.9,168.2,1,1006,MAWAR,0
West Pacific,6/13/2012 12:00:00 AM,9.3,140.7,1,1004,GUCHOL,0
West Pacific,6/13/2012 12:00:00 AM,55.1,168.2,1,1008,MAWAR,0
West Pacific,6/13/2012 6:00:00 AM,10,139.3,1,1002,GUCHOL,0
West Pacific,6/13/2012 12:00:00 PM,10.7,138,1,1000,GUCHOL,35
West Pacific,6/13/2012 6:00:00 PM,10.8,136.6,1,992,GUCHOL,45
West Pacific,6/14/2012 12:00:00 AM,10.9,135.2,1,985,GUCHOL,50
West Pacific,6/14/2012 6:00:00 AM,10.7,134.1,1,985,GUCHOL,50
West Pacific,6/14/2012 12:00:00 PM,10.7,132.8,1,985,GUCHOL,50
West Pacific,6/14/2012 6:00:00 PM,10.4,132.2,1,980,GUCHOL,55
West Pacific,6/15/2012 12:00:00 AM,10.3,131.4,1,975,GUCHOL,60
West Pacific,6/15/2012 6:00:00 AM,10.4,131.2,1,975,GUCHOL,60
West Pacific,6/15/2012 12:00:00 PM,11.2,130.9,1,975,GUCHOL,60
West Pacific,6/15/2012 6:00:00 PM,11.9,130.5,1,975,GUCHOL,60
West Pacific,6/16/2012 12:00:00 AM,12.9,130.2,1,965,GUCHOL,70
West Pacific,6/16/2012 6:00:00 AM,14,129.6,1,950,GUCHOL,85
West Pacific,6/16/2012 6:00:00 AM,19,112.1,1,996,TALIM,0
West Pacific,6/16/2012 12:00:00 PM,14.9,128.8,1,930,GUCHOL,100
West Pacific,6/16/2012 12:00:00 PM,19.2,112.1,1,996,TALIM,0
West Pacific,6/16/2012 6:00:00 PM,16.2,128.4,1,930,GUCHOL,100
West Pacific,6/16/2012 6:00:00 PM,19.5,111.8,1,996,TALIM,0
West Pacific,6/17/2012 12:00:00 AM,17.2,127.6,1,930,GUCHOL,100
West Pacific,6/17/2012 12:00:00 AM,19.4,111.2,1,996,TALIM,0
West Pacific,6/17/2012 6:00:00 AM,18.3,127.3,1,930,GUCHOL,100
West Pacific,6/17/2012 6:00:00 AM,18.8,111.2,1,994,TALIM,35
West Pacific,6/17/2012 12:00:00 PM,19.6,127,1,940,GUCHOL,90
West Pacific,6/17/2012 12:00:00 PM,18.6,111.5,1,994,TALIM,35
West Pacific,6/17/2012 6:00:00 PM,20.8,127,1,950,GUCHOL,85
West Pacific,6/17/2012 6:00:00 PM,18.5,111.9,1,992,TALIM,40
West Pacific,6/18/2012 12:00:00 AM,22.2,127.4,1,950,GUCHOL,85
West Pacific,6/18/2012 12:00:00 AM,18.6,112.3,1,992,TALIM,40
West Pacific,6/18/2012 3:00:00 AM,23,127.6,1,950,GUCHOL,85
West Pacific,6/18/2012 6:00:00 AM,23.8,127.9,1,950,GUCHOL,80
West Pacific,6/18/2012 6:00:00 AM,18.8,112.8,1,992,TALIM,40
West Pacific,6/18/2012 9:00:00 AM,24.6,128.2,1,950,GUCHOL,80
West Pacific,6/18/2012 12:00:00 PM,25.3,128.7,1,950,GUCHOL,80
West Pacific,6/18/2012 12:00:00 PM,19.2,113.4,1,992,TALIM,40
West Pacific,6/18/2012 3:00:00 PM,26.2,129.4,1,950,GUCHOL,80
West Pacific,6/18/2012 6:00:00 PM,27.3,130,1,955,GUCHOL,75
West Pacific,6/18/2012 6:00:00 PM,19.3,114.1,1,992,TALIM,40
West Pacific,6/18/2012 9:00:00 PM,28.6,130.9,1,955,GUCHOL,75
West Pacific,6/19/2012 12:00:00 AM,29.9,131.8,1,960,GUCHOL,70
West Pacific,6/19/2012 12:00:00 AM,19.6,114.9,1,990,TALIM,45
West Pacific,6/19/2012 3:00:00 AM,30.8,133.1,1,960,GUCHOL,70
West Pacific,6/19/2012 6:00:00 AM,32.4,134.7,1,960,GUCHOL,70
West Pacific,6/19/2012 6:00:00 AM,20,115.6,1,985,TALIM,50
West Pacific,6/19/2012 8:00:00 AM,33.4,135.5,1,960,GUCHOL,70
West Pacific,6/19/2012 9:00:00 AM,33.8,135.9,1,965,GUCHOL,70
West Pacific,6/19/2012 11:00:00 AM,34.7,137,1,970,GUCHOL,65
West Pacific,6/19/2012 12:00:00 PM,35.1,137.6,1,975,GUCHOL,60
West Pacific,6/19/2012 12:00:00 PM,20.8,116.4,1,985,TALIM,50
West Pacific,6/19/2012 3:00:00 PM,36.2,139,1,980,GUCHOL,55
West Pacific,6/19/2012 6:00:00 PM,37.3,140.7,1,985,GUCHOL,50
West Pacific,6/19/2012 6:00:00 PM,21.8,116.8,1,985,TALIM,50
West Pacific,6/19/2012 9:00:00 PM,37.9,142,1,985,GUCHOL,50
West Pacific,6/20/2012 12:00:00 AM,38,143,1,996,GUCHOL,0
West Pacific,6/20/2012 12:00:00 AM,22.7,117.8,1,990,TALIM,45
West Pacific,6/20/2012 6:00:00 AM,39.5,144.2,1,998,GUCHOL,0
West Pacific,6/20/2012 6:00:00 AM,23.5,118.9,1,992,TALIM,40
West Pacific,6/20/2012 12:00:00 PM,40.2,145.4,1,1000,GUCHOL,0
West Pacific,6/20/2012 12:00:00 PM,24.2,120.2,1,994,TALIM,35
West Pacific,6/20/2012 6:00:00 PM,40.9,145.4,1,1000,GUCHOL,0
West Pacific,6/20/2012 6:00:00 PM,24.7,121.4,1,1000,TALIM,0
West Pacific,6/21/2012 12:00:00 AM,41.5,145.7,1,1004,GUCHOL,0
West Pacific,6/21/2012 6:00:00 AM,42,146,1,1006,GUCHOL,0
West Pacific,6/21/2012 12:00:00 PM,42.2,146.2,1,1008,GUCHOL,0
West Pacific,6/21/2012 6:00:00 PM,42.3,146.4,1,1006,GUCHOL,0
West Pacific,6/22/2012 12:00:00 AM,42.4,146.7,1,1008,GUCHOL,0
West Pacific,6/22/2012 6:00:00 AM,42.7,146.9,1,1006,GUCHOL,0
West Pacific,6/25/2012 12:00:00 AM,11.2,135.3,1,1008,DOKSURI,0
West Pacific,6/25/2012 6:00:00 AM,11.5,134.3,1,1006,DOKSURI,0
West Pacific,6/25/2012 12:00:00 PM,12.3,134,1,1006,DOKSURI,0
West Pacific,6/25/2012 6:00:00 PM,13.3,133.6,1,1004,DOKSURI,0
West Pacific,6/26/2012 12:00:00 AM,14.2,133,1,1006,DOKSURI,0
West Pacific,6/26/2012 6:00:00 AM,14.5,131.8,1,1004,DOKSURI,0
West Pacific,6/26/2012 12:00:00 PM,15.1,130.4,1,1004,DOKSURI,0
West Pacific,6/26/2012 6:00:00 PM,15.3,128.9,1,1000,DOKSURI,35
West Pacific,6/27/2012 12:00:00 AM,15.4,127.7,1,1000,DOKSURI,35
West Pacific,6/27/2012 6:00:00 AM,15.7,126.4,1,1000,DOKSURI,35
West Pacific,6/27/2012 12:00:00 PM,16.2,125.1,1,1000,DOKSURI,35
West Pacific,6/27/2012 6:00:00 PM,16.9,123.9,1,1000,DOKSURI,35
West Pacific,6/28/2012 12:00:00 AM,18,123.4,1,998,DOKSURI,35
West Pacific,6/28/2012 6:00:00 AM,19.5,123.1,1,994,DOKSURI,40
West Pacific,6/28/2012 12:00:00 PM,19.8,121.1,1,994,DOKSURI,40
West Pacific,6/28/2012 6:00:00 PM,20,119.5,1,994,DOKSURI,40
West Pacific,6/29/2012 12:00:00 AM,20.8,117.7,1,992,DOKSURI,40
West Pacific,6/29/2012 6:00:00 AM,21,116,1,992,DOKSURI,40
West Pacific,6/29/2012 12:00:00 PM,21.2,114.9,1,994,DOKSURI,40
West Pacific,6/29/2012 6:00:00 PM,21.8,113.6,1,996,DOKSURI,35
West Pacific,6/30/2012 12:00:00 AM,22.3,112,1,1000,DOKSURI,0
West Pacific,6/30/2012 6:00:00 AM,22.9,110.2,1,1000,DOKSURI,0
West Pacific,7/14/2012 6:00:00 PM,19.3,143.5,1,1006,KHANUN,0
West Pacific,7/15/2012 12:00:00 AM,19.1,143.1,1,1008,KHANUN,0
West Pacific,7/15/2012 6:00:00 AM,19.8,143,1,1006,KHANUN,0
West Pacific,7/15/2012 12:00:00 PM,20.4,140.7,1,1006,KHANUN,0
West Pacific,7/15/2012 6:00:00 PM,21.7,140,1,1006,KHANUN,0
West Pacific,7/16/2012 12:00:00 AM,22.6,138,1,1004,KHANUN,0
West Pacific,7/16/2012 6:00:00 AM,24.1,136.2,1,1002,KHANUN,35
West Pacific,7/16/2012 12:00:00 PM,24.8,134.6,1,1002,KHANUN,35
West Pacific,7/16/2012 3:00:00 PM,25.3,133.8,1,1000,KHANUN,35
West Pacific,7/16/2012 6:00:00 PM,25.6,132.8,1,998,KHANUN,40
West Pacific,7/16/2012 9:00:00 PM,25.7,132.1,1,996,KHANUN,40
West Pacific,7/17/2012 12:00:00 AM,26.1,131.1,1,994,KHANUN,40
West Pacific,7/17/2012 3:00:00 AM,26.3,130.4,1,994,KHANUN,45
West Pacific,7/17/2012 6:00:00 AM,26.8,129.6,1,992,KHANUN,45
West Pacific,7/17/2012 9:00:00 AM,27.3,129.1,1,990,KHANUN,45
West Pacific,7/17/2012 12:00:00 PM,27.8,128.3,1,990,KHANUN,45
West Pacific,7/17/2012 3:00:00 PM,28.4,127.8,1,990,KHANUN,45
West Pacific,7/17/2012 6:00:00 PM,28.7,127.5,1,985,KHANUN,50
West Pacific,7/18/2012 12:00:00 AM,29.8,126.7,1,985,KHANUN,50
West Pacific,7/18/2012 6:00:00 AM,31.9,126.2,1,990,KHANUN,45
West Pacific,7/18/2012 12:00:00 PM,33.7,126.3,1,992,KHANUN,40
West Pacific,7/18/2012 12:00:00 PM,15,128.6,1,1006,VICENTE,0
West Pacific,7/18/2012 6:00:00 PM,35.8,126.5,1,994,KHANUN,35
West Pacific,7/18/2012 6:00:00 PM,15,127.6,1,1004,VICENTE,0
West Pacific,7/19/2012 12:00:00 AM,38,128,1,998,KHANUN,0
West Pacific,7/19/2012 12:00:00 AM,15.1,126.9,1,1004,VICENTE,0
West Pacific,7/19/2012 6:00:00 AM,39.5,127.8,1,1000,KHANUN,0
West Pacific,7/19/2012 6:00:00 AM,15.3,126.2,1,1004,VICENTE,0
West Pacific,7/19/2012 12:00:00 PM,39.8,128.1,1,1000,KHANUN,0
West Pacific,7/19/2012 12:00:00 PM,15.5,125.6,1,1004,VICENTE,0
West Pacific,7/19/2012 6:00:00 PM,40.3,128.4,1,1004,KHANUN,0
West Pacific,7/19/2012 6:00:00 PM,15.8,124.9,1,1004,VICENTE,0
West Pacific,7/20/2012 12:00:00 AM,40.4,129.3,1,1006,KHANUN,0
West Pacific,7/20/2012 12:00:00 AM,16.2,124.3,1,1004,VICENTE,0
West Pacific,7/20/2012 6:00:00 AM,17.1,123.4,1,1002,VICENTE,0
West Pacific,7/20/2012 12:00:00 PM,18.5,122.7,1,1002,VICENTE,0
West Pacific,7/20/2012 6:00:00 PM,19,120.5,1,1000,VICENTE,0
West Pacific,7/21/2012 12:00:00 AM,18.7,118.6,1,1000,VICENTE,0
West Pacific,7/21/2012 6:00:00 AM,18.7,117.6,1,998,VICENTE,0
West Pacific,7/21/2012 12:00:00 PM,18.8,116.6,1,996,VICENTE,35
West Pacific,7/21/2012 6:00:00 PM,18.8,115.7,1,992,VICENTE,40
West Pacific,7/22/2012 12:00:00 AM,18.8,115.3,1,990,VICENTE,45
West Pacific,7/22/2012 6:00:00 AM,18.7,115.1,1,990,VICENTE,45
West Pacific,7/22/2012 12:00:00 PM,18.8,115.1,1,990,VICENTE,45
West Pacific,7/22/2012 6:00:00 PM,19.2,115.3,1,985,VICENTE,50
West Pacific,7/23/2012 12:00:00 AM,19.7,115.2,1,985,VICENTE,50
West Pacific,7/23/2012 6:00:00 AM,20.5,114.8,1,975,VICENTE,60
West Pacific,7/23/2012 12:00:00 PM,21,114.2,1,965,VICENTE,70
West Pacific,7/23/2012 6:00:00 PM,21.7,113.4,1,950,VICENTE,80
West Pacific,7/24/2012 12:00:00 AM,22.3,112.1,1,970,VICENTE,60
West Pacific,7/24/2012 6:00:00 AM,23,110.5,1,985,VICENTE,50
West Pacific,7/24/2012 12:00:00 PM,23.3,108.7,1,990,VICENTE,40
West Pacific,7/24/2012 6:00:00 PM,23.1,107.1,1,994,VICENTE,0
West Pacific,7/25/2012 12:00:00 AM,22.9,105.5,1,996,VICENTE,0
West Pacific,7/25/2012 6:00:00 AM,22.6,104.3,1,996,VICENTE,0
West Pacific,7/26/2012 6:00:00 PM,10.6,130.5,1,1004,SAOLA,0
West Pacific,7/27/2012 12:00:00 AM,10.6,130,1,1004,SAOLA,0
West Pacific,7/27/2012 6:00:00 AM,24.7,148.8,1,1008,DAMREY,0
West Pacific,7/27/2012 6:00:00 AM,12,129.3,1,1002,SAOLA,0
West Pacific,7/27/2012 12:00:00 PM,25.2,148.3,1,1008,DAMREY,0
West Pacific,7/27/2012 12:00:00 PM,12.9,127.9,1,1002,SAOLA,0
West Pacific,7/27/2012 6:00:00 PM,25.6,147.9,1,1008,DAMREY,0
West Pacific,7/27/2012 6:00:00 PM,13.6,127.5,1,1000,SAOLA,0
West Pacific,7/28/2012 12:00:00 AM,25.9,147.4,1,1008,DAMREY,0
West Pacific,7/28/2012 12:00:00 AM,14.5,126.8,1,1000,SAOLA,35
West Pacific,7/28/2012 6:00:00 AM,26,147.2,1,1006,DAMREY,0
West Pacific,7/28/2012 6:00:00 AM,15.3,126.3,1,996,SAOLA,40
West Pacific,7/28/2012 12:00:00 PM,26,147.1,1,1002,DAMREY,35
West Pacific,7/28/2012 12:00:00 PM,15.8,126,1,996,SAOLA,40
West Pacific,7/28/2012 6:00:00 PM,26,146.8,1,1000,DAMREY,35
West Pacific,7/28/2012 6:00:00 PM,16.2,125.5,1,990,SAOLA,45
West Pacific,7/29/2012 12:00:00 AM,26.1,146.4,1,996,DAMREY,40
West Pacific,7/29/2012 12:00:00 AM,17,124.9,1,985,SAOLA,55
West Pacific,7/29/2012 6:00:00 AM,25.9,146,1,996,DAMREY,40
West Pacific,7/29/2012 6:00:00 AM,17.5,124.7,1,985,SAOLA,55
West Pacific,7/29/2012 12:00:00 PM,25.5,145.8,1,996,DAMREY,40
West Pacific,7/29/2012 12:00:00 PM,18.2,124.4,1,985,SAOLA,55
West Pacific,7/29/2012 6:00:00 PM,25.4,145.5,1,996,DAMREY,40
West Pacific,7/29/2012 6:00:00 PM,18.9,124.9,1,985,SAOLA,55
West Pacific,7/30/2012 12:00:00 AM,25.4,145,1,996,DAMREY,40
West Pacific,7/30/2012 12:00:00 AM,19.5,125.2,1,980,SAOLA,55
West Pacific,7/30/2012 6:00:00 AM,25.4,144.7,1,992,DAMREY,40
West Pacific,7/30/2012 6:00:00 AM,20.1,124.8,1,980,SAOLA,55
West Pacific,7/30/2012 12:00:00 PM,26.5,144.2,1,990,DAMREY,40
West Pacific,7/30/2012 12:00:00 PM,20.5,124.5,1,980,SAOLA,55
West Pacific,7/30/2012 3:00:00 PM,27.1,143.5,1,985,DAMREY,45
West Pacific,7/30/2012 6:00:00 PM,27.7,142.8,1,975,DAMREY,55
West Pacific,7/30/2012 6:00:00 PM,20.8,124,1,975,SAOLA,60
West Pacific,7/30/2012 9:00:00 PM,28,141.7,1,980,DAMREY,50
West Pacific,7/31/2012 12:00:00 AM,28.3,141,1,980,DAMREY,50
West Pacific,7/31/2012 12:00:00 AM,21,124.1,1,975,SAOLA,60
West Pacific,7/31/2012 6:00:00 AM,28.6,138.9,1,980,DAMREY,50
West Pacific,7/31/2012 6:00:00 AM,21.3,124.2,1,970,SAOLA,60
West Pacific,7/31/2012 12:00:00 PM,28.9,137.2,1,980,DAMREY,50
West Pacific,7/31/2012 12:00:00 PM,21.7,124.1,1,970,SAOLA,60
West Pacific,7/31/2012 3:00:00 PM,22,123.9,1,970,SAOLA,60
West Pacific,7/31/2012 6:00:00 PM,29.3,135.1,1,980,DAMREY,50
West Pacific,7/31/2012 6:00:00 PM,22.3,123.7,1,965,SAOLA,65
West Pacific,7/31/2012 9:00:00 PM,29.8,134,1,975,DAMREY,55
West Pacific,7/31/2012 9:00:00 PM,22.4,123.7,1,965,SAOLA,65
West Pacific,8/1/2012 12:00:00 AM,30,132.7,1,975,DAMREY,55
West Pacific,8/1/2012 12:00:00 AM,22.7,123.6,1,965,SAOLA,65
West Pacific,8/1/2012 3:00:00 AM,30.3,131.4,1,975,DAMREY,55
West Pacific,8/1/2012 3:00:00 AM,23,123.5,1,965,SAOLA,65
West Pacific,8/1/2012 6:00:00 AM,30.4,130.5,1,975,DAMREY,55
West Pacific,8/1/2012 6:00:00 AM,23.4,123.4,1,960,SAOLA,70
West Pacific,8/1/2012 9:00:00 AM,30.5,129.8,1,975,DAMREY,55
West Pacific,8/1/2012 9:00:00 AM,23.7,123.2,1,960,SAOLA,70
West Pacific,8/1/2012 12:00:00 PM,30.8,128.7,1,975,DAMREY,55
West Pacific,8/1/2012 12:00:00 PM,22.4,146.5,1,1004,HAIKUI,0
West Pacific,8/1/2012 12:00:00 PM,23.9,123,1,960,SAOLA,70
West Pacific,8/1/2012 3:00:00 PM,24,122.6,1,960,SAOLA,70
West Pacific,8/1/2012 6:00:00 PM,31.7,126.7,1,975,DAMREY,55
West Pacific,8/1/2012 6:00:00 PM,22.4,146,1,1002,HAIKUI,0
West Pacific,8/1/2012 6:00:00 PM,23.7,122.2,1,965,SAOLA,70
West Pacific,8/1/2012 9:00:00 PM,23.5,122.3,1,970,SAOLA,65
West Pacific,8/2/2012 12:00:00 AM,32.8,124.3,1,970,DAMREY,65
West Pacific,8/2/2012 12:00:00 AM,22.4,145.4,1,1002,HAIKUI,0
West Pacific,8/2/2012 12:00:00 AM,23.8,122.6,1,975,SAOLA,60
West Pacific,8/2/2012 3:00:00 AM,24.4,122.6,1,980,SAOLA,55
West Pacific,8/2/2012 6:00:00 AM,33.8,122.2,1,965,DAMREY,70
West Pacific,8/2/2012 6:00:00 AM,22.4,144,1,1000,HAIKUI,0
West Pacific,8/2/2012 6:00:00 AM,25,122.4,1,980,SAOLA,50
West Pacific,8/2/2012 9:00:00 AM,25.4,121.9,1,980,SAOLA,50
West Pacific,8/2/2012 12:00:00 PM,34.4,120.4,1,970,DAMREY,65
West Pacific,8/2/2012 12:00:00 PM,22.4,143.2,1,996,HAIKUI,0
West Pacific,8/2/2012 12:00:00 PM,25.8,121.3,1,985,SAOLA,45
West Pacific,8/2/2012 6:00:00 PM,34.9,119.4,1,975,DAMREY,60
West Pacific,8/2/2012 6:00:00 PM,22.6,141.9,1,994,HAIKUI,0
West Pacific,8/2/2012 6:00:00 PM,26.5,120.7,1,985,SAOLA,40
West Pacific,8/3/2012 12:00:00 AM,35.6,118.2,1,992,DAMREY,45
West Pacific,8/3/2012 12:00:00 AM,22.9,141.3,1,992,HAIKUI,35
West Pacific,8/3/2012 12:00:00 AM,27,119.7,1,990,SAOLA,35
West Pacific,8/3/2012 6:00:00 AM,37,118,1,996,DAMREY,35
West Pacific,8/3/2012 6:00:00 AM,23.4,140,1,992,HAIKUI,35
West Pacific,8/3/2012 6:00:00 AM,24,161.8,1,1008,KIROGI,0
West Pacific,8/3/2012 6:00:00 AM,27.7,118.7,1,992,SAOLA,0
West Pacific,8/3/2012 12:00:00 PM,37.6,118.2,1,1000,DAMREY,0
West Pacific,8/3/2012 12:00:00 PM,24.4,138,1,992,HAIKUI,35
West Pacific,8/3/2012 12:00:00 PM,23.8,162.1,1,1008,KIROGI,0
West Pacific,8/3/2012 12:00:00 PM,27.8,117.3,1,992,SAOLA,0
West Pacific,8/3/2012 6:00:00 PM,38.8,118.9,1,1004,DAMREY,0
West Pacific,8/3/2012 6:00:00 PM,24.9,136.6,1,992,HAIKUI,35
West Pacific,8/3/2012 6:00:00 PM,23.6,162.4,1,1008,KIROGI,0
West Pacific,8/3/2012 6:00:00 PM,27.7,116.5,1,992,SAOLA,0
West Pacific,8/4/2012 12:00:00 AM,39.6,119.5,1,1006,DAMREY,0
West Pacific,8/4/2012 12:00:00 AM,24.8,134.3,1,990,HAIKUI,35
West Pacific,8/4/2012 12:00:00 AM,23.7,162.7,1,1008,KIROGI,0
West Pacific,8/4/2012 12:00:00 AM,27.7,115.8,1,994,SAOLA,0
West Pacific,8/4/2012 6:00:00 AM,25.3,133,1,985,HAIKUI,40
West Pacific,8/4/2012 6:00:00 AM,23.7,162.5,1,1006,KIROGI,0
West Pacific,8/4/2012 6:00:00 AM,27.4,115,1,994,SAOLA,0
West Pacific,8/4/2012 9:00:00 AM,26,132.1,1,985,HAIKUI,40
West Pacific,8/4/2012 12:00:00 PM,26.2,131.3,1,985,HAIKUI,40
West Pacific,8/4/2012 12:00:00 PM,23.6,162.1,1,1006,KIROGI,0
West Pacific,8/4/2012 12:00:00 PM,27.1,113.5,1,996,SAOLA,0
West Pacific,8/4/2012 3:00:00 PM,26.3,130.7,1,985,HAIKUI,40
West Pacific,8/4/2012 6:00:00 PM,26.3,130.2,1,985,HAIKUI,40
West Pacific,8/4/2012 6:00:00 PM,23.1,161.6,1,1006,KIROGI,0
West Pacific,8/4/2012 6:00:00 PM,26.3,112.4,1,996,SAOLA,0
West Pacific,8/4/2012 9:00:00 PM,26.6,129.8,1,985,HAIKUI,45
West Pacific,8/5/2012 12:00:00 AM,26.7,129.1,1,980,HAIKUI,45
West Pacific,8/5/2012 12:00:00 AM,22.9,161.7,1,1006,KIROGI,0
West Pacific,8/5/2012 12:00:00 AM,25.5,111.4,1,998,SAOLA,0
West Pacific,8/5/2012 3:00:00 AM,26.9,128.8,1,980,HAIKUI,45
West Pacific,8/5/2012 6:00:00 AM,27.3,128.5,1,980,HAIKUI,45
West Pacific,8/5/2012 6:00:00 AM,23.3,162.3,1,1004,KIROGI,0
West Pacific,8/5/2012 9:00:00 AM,27.5,127.9,1,980,HAIKUI,45
West Pacific,8/5/2012 12:00:00 PM,27.4,127.2,1,975,HAIKUI,50
West Pacific,8/5/2012 12:00:00 PM,24.1,162.7,1,1004,KIROGI,0
West Pacific,8/5/2012 3:00:00 PM,27.1,126.9,1,975,HAIKUI,50
West Pacific,8/5/2012 6:00:00 PM,27.1,126.6,1,970,HAIKUI,55
West Pacific,8/5/2012 6:00:00 PM,25.1,162.5,1,1004,KIROGI,0
West Pacific,8/5/2012 9:00:00 PM,27,126.2,1,970,HAIKUI,55
West Pacific,8/6/2012 12:00:00 AM,27.1,126.1,1,970,HAIKUI,55
West Pacific,8/6/2012 12:00:00 AM,25.9,162.5,1,1004,KIROGI,0
West Pacific,8/6/2012 3:00:00 AM,27.2,125.8,1,970,HAIKUI,55
West Pacific,8/6/2012 6:00:00 AM,27.4,125.5,1,965,HAIKUI,60
West Pacific,8/6/2012 6:00:00 AM,26.8,162.7,1,1002,KIROGI,0
West Pacific,8/6/2012 9:00:00 AM,27.4,125.2,1,965,HAIKUI,60
West Pacific,8/6/2012 12:00:00 PM,27.1,124.9,1,965,HAIKUI,60
West Pacific,8/6/2012 12:00:00 PM,27.7,162.6,1,998,KIROGI,35
West Pacific,8/6/2012 6:00:00 PM,26.9,124.6,1,965,HAIKUI,60
West Pacific,8/6/2012 6:00:00 PM,28.4,162.3,1,998,KIROGI,35
West Pacific,8/7/2012 12:00:00 AM,27.3,124.1,1,965,HAIKUI,60
West Pacific,8/7/2012 12:00:00 AM,29,161.9,1,998,KIROGI,35
West Pacific,8/7/2012 6:00:00 AM,27.7,123.5,1,965,HAIKUI,60
West Pacific,8/7/2012 6:00:00 AM,29.7,161.4,1,996,KIROGI,40
West Pacific,8/7/2012 12:00:00 PM,28.2,122.8,1,965,HAIKUI,65
West Pacific,8/7/2012 12:00:00 PM,30.1,160.8,1,996,KIROGI,40
West Pacific,8/7/2012 6:00:00 PM,28.8,122.3,1,965,HAIKUI,65
West Pacific,8/7/2012 6:00:00 PM,30.8,160.3,1,994,KIROGI,40
West Pacific,8/8/2012 12:00:00 AM,29.4,121.2,1,975,HAIKUI,55
West Pacific,8/8/2012 12:00:00 AM,31.4,159.5,1,994,KIROGI,40
West Pacific,8/8/2012 6:00:00 AM,30.1,120.3,1,980,HAIKUI,45
West Pacific,8/8/2012 6:00:00 AM,31.8,158.2,1,994,KIROGI,40
West Pacific,8/8/2012 12:00:00 PM,30.2,119.4,1,990,HAIKUI,40
West Pacific,8/8/2012 12:00:00 PM,32.6,157.2,1,994,KIROGI,40
West Pacific,8/8/2012 6:00:00 PM,30.5,118.6,1,990,HAIKUI,35
West Pacific,8/8/2012 6:00:00 PM,33.4,156.1,1,994,KIROGI,40
West Pacific,8/9/2012 12:00:00 AM,30.6,117.9,1,992,HAIKUI,35
West Pacific,8/9/2012 12:00:00 AM,34.4,155,1,994,KIROGI,40
West Pacific,8/9/2012 6:00:00 AM,30.8,117.6,1,992,HAIKUI,35
West Pacific,8/9/2012 6:00:00 AM,36,154.1,1,990,KIROGI,50
West Pacific,8/9/2012 12:00:00 PM,30.8,117.3,1,994,HAIKUI,0
West Pacific,8/9/2012 12:00:00 PM,37.6,153,1,992,KIROGI,45
West Pacific,8/9/2012 6:00:00 PM,30.7,117,1,994,HAIKUI,0
West Pacific,8/9/2012 6:00:00 PM,39.3,151.5,1,992,KIROGI,45
West Pacific,8/10/2012 12:00:00 AM,30.7,117,1,996,HAIKUI,0
West Pacific,8/10/2012 12:00:00 AM,41.2,149.9,1,994,KIROGI,45
West Pacific,8/10/2012 6:00:00 AM,30.2,116.9,1,996,HAIKUI,0
West Pacific,8/10/2012 6:00:00 AM,43.7,148.3,1,998,KIROGI,0
West Pacific,8/10/2012 12:00:00 PM,30,116.9,1,996,HAIKUI,0
West Pacific,8/10/2012 12:00:00 PM,45.7,147.3,1,1000,KIROGI,0
West Pacific,8/10/2012 6:00:00 PM,29.9,117.1,1,998,HAIKUI,0
West Pacific,8/10/2012 6:00:00 PM,48.6,147.2,1,998,KIROGI,0
West Pacific,8/11/2012 12:00:00 AM,30,117.3,1,1000,HAIKUI,0
West Pacific,8/11/2012 12:00:00 AM,50.4,146.9,1,998,KIROGI,0
West Pacific,8/11/2012 6:00:00 AM,30,117.3,1,1000,HAIKUI,0
West Pacific,8/11/2012 6:00:00 AM,53.7,146.9,1,998,KIROGI,0
West Pacific,8/11/2012 12:00:00 PM,55.5,146.9,1,994,KIROGI,0
West Pacific,8/11/2012 6:00:00 PM,57.8,148.1,1,994,KIROGI,0
West Pacific,8/12/2012 12:00:00 AM,16.8,132,1,1004,KAI-TAK,0
West Pacific,8/12/2012 12:00:00 AM,59,147.9,1,992,KIROGI,0
West Pacific,8/12/2012 6:00:00 AM,16.8,130.9,1,1002,KAI-TAK,0
West Pacific,8/12/2012 6:00:00 AM,61.2,148.2,1,992,KIROGI,0
West Pacific,8/12/2012 12:00:00 PM,16.8,130.1,1,1000,KAI-TAK,0
West Pacific,8/12/2012 6:00:00 PM,16.8,129.4,1,1000,KAI-TAK,0
West Pacific,8/13/2012 12:00:00 AM,16.6,128.2,1,998,KAI-TAK,35
West Pacific,8/13/2012 6:00:00 AM,16.5,127,1,998,KAI-TAK,35
West Pacific,8/13/2012 12:00:00 PM,16.6,126.5,1,994,KAI-TAK,40
West Pacific,8/13/2012 6:00:00 PM,16.8,125.9,1,992,KAI-TAK,40
West Pacific,8/14/2012 12:00:00 AM,17,125.2,1,992,KAI-TAK,40
West Pacific,8/14/2012 6:00:00 AM,17,124.4,1,992,KAI-TAK,40
West Pacific,8/14/2012 12:00:00 PM,17.2,123.8,1,992,KAI-TAK,40
West Pacific,8/14/2012 6:00:00 PM,17.5,123.4,1,992,KAI-TAK,40
West Pacific,8/15/2012 12:00:00 AM,18,122.7,1,992,KAI-TAK,40
West Pacific,8/15/2012 6:00:00 AM,18.7,120.9,1,990,KAI-TAK,45
West Pacific,8/15/2012 12:00:00 PM,18.8,119.5,1,985,KAI-TAK,50
West Pacific,8/15/2012 6:00:00 PM,18.8,118.2,1,975,KAI-TAK,60
West Pacific,8/16/2012 12:00:00 AM,19,117.1,1,975,KAI-TAK,60
West Pacific,8/16/2012 6:00:00 AM,19.3,115.7,1,975,KAI-TAK,60
West Pacific,8/16/2012 12:00:00 PM,19.5,114.3,1,970,KAI-TAK,65
West Pacific,8/16/2012 6:00:00 PM,20.1,112.7,1,970,KAI-TAK,65
West Pacific,8/17/2012 12:00:00 AM,20.8,111.3,1,970,KAI-TAK,65
West Pacific,8/17/2012 6:00:00 AM,21.2,109.7,1,975,KAI-TAK,60
West Pacific,8/17/2012 6:00:00 AM,21.4,125.9,1,1008,TEMBIN,0
West Pacific,8/17/2012 12:00:00 PM,21,107.8,1,975,KAI-TAK,60
West Pacific,8/17/2012 12:00:00 PM,20.8,125.7,1,1008,TEMBIN,0
West Pacific,8/17/2012 6:00:00 PM,21.5,106.8,1,985,KAI-TAK,50
West Pacific,8/17/2012 6:00:00 PM,19.9,125.9,1,1008,TEMBIN,0
West Pacific,8/18/2012 12:00:00 AM,21.8,105.1,1,992,KAI-TAK,40
West Pacific,8/18/2012 12:00:00 AM,19,126,1,1008,TEMBIN,0
West Pacific,8/18/2012 6:00:00 AM,22.6,103.2,1,996,KAI-TAK,0
West Pacific,8/18/2012 6:00:00 AM,18.7,125.8,1,1006,TEMBIN,0
West Pacific,8/18/2012 12:00:00 PM,23.2,101.8,1,1000,KAI-TAK,0
West Pacific,8/18/2012 12:00:00 PM,18.3,125.4,1,1006,TEMBIN,0
West Pacific,8/18/2012 6:00:00 PM,17.8,125,1,1006,TEMBIN,0
West Pacific,8/19/2012 12:00:00 AM,17.6,124.8,1,1004,TEMBIN,0
West Pacific,8/19/2012 6:00:00 AM,14.1,142.1,1,1006,BOLAVEN,0
West Pacific,8/19/2012 6:00:00 AM,17.4,124.8,1,1000,TEMBIN,35
West Pacific,8/19/2012 12:00:00 PM,14.8,142.1,1,1008,BOLAVEN,0
West Pacific,8/19/2012 12:00:00 PM,17.6,124.7,1,996,TEMBIN,40
West Pacific,8/19/2012 6:00:00 PM,16.1,142,1,1006,BOLAVEN,0
West Pacific,8/19/2012 6:00:00 PM,17.7,124.6,1,992,TEMBIN,45
West Pacific,8/20/2012 12:00:00 AM,16.8,141.9,1,1004,BOLAVEN,0
West Pacific,8/20/2012 12:00:00 AM,18,124.8,1,980,TEMBIN,55
West Pacific,8/20/2012 6:00:00 AM,17.4,141.4,1,1000,BOLAVEN,35
West Pacific,8/20/2012 6:00:00 AM,18.4,124.9,1,965,TEMBIN,70
West Pacific,8/20/2012 12:00:00 PM,17.9,141.3,1,996,BOLAVEN,40
West Pacific,8/20/2012 12:00:00 PM,18.8,125.2,1,950,TEMBIN,80
West Pacific,8/20/2012 6:00:00 PM,18.1,141.2,1,992,BOLAVEN,45
West Pacific,8/20/2012 6:00:00 PM,19.5,125.3,1,950,TEMBIN,80
West Pacific,8/21/2012 12:00:00 AM,18.2,140.8,1,985,BOLAVEN,50
West Pacific,8/21/2012 12:00:00 AM,20.2,125.4,1,950,TEMBIN,80
West Pacific,8/21/2012 6:00:00 AM,18.4,140.5,1,985,BOLAVEN,50
West Pacific,8/21/2012 6:00:00 AM,21.1,125.4,1,950,TEMBIN,80
West Pacific,8/21/2012 12:00:00 PM,18.9,140.2,1,975,BOLAVEN,65
West Pacific,8/21/2012 12:00:00 PM,21.7,125.2,1,950,TEMBIN,80
West Pacific,8/21/2012 6:00:00 PM,19.1,139.5,1,970,BOLAVEN,70
West Pacific,8/21/2012 6:00:00 PM,22.1,125,1,955,TEMBIN,75
West Pacific,8/22/2012 12:00:00 AM,19.2,138.8,1,970,BOLAVEN,70
West Pacific,8/22/2012 12:00:00 AM,22.4,124.5,1,965,TEMBIN,70
West Pacific,8/22/2012 6:00:00 AM,19.3,138,1,965,BOLAVEN,70
West Pacific,8/22/2012 6:00:00 AM,22.4,124.3,1,965,TEMBIN,70
West Pacific,8/22/2012 12:00:00 PM,19.5,137.5,1,965,BOLAVEN,70
West Pacific,8/22/2012 12:00:00 PM,22.5,124.2,1,965,TEMBIN,70
West Pacific,8/22/2012 6:00:00 PM,19.5,136.5,1,965,BOLAVEN,70
West Pacific,8/22/2012 6:00:00 PM,22.5,123.9,1,965,TEMBIN,70
West Pacific,8/23/2012 12:00:00 AM,19.7,135.9,1,965,BOLAVEN,70
West Pacific,8/23/2012 12:00:00 AM,22.5,123.6,1,950,TEMBIN,80
West Pacific,8/23/2012 6:00:00 AM,20,135.3,1,960,BOLAVEN,75
West Pacific,8/23/2012 6:00:00 AM,22.6,123.1,1,950,TEMBIN,80
West Pacific,8/23/2012 12:00:00 PM,20.2,134.6,1,960,BOLAVEN,75
West Pacific,8/23/2012 12:00:00 PM,22.7,122.5,1,950,TEMBIN,80
West Pacific,8/23/2012 6:00:00 PM,20.4,134.1,1,960,BOLAVEN,75
West Pacific,8/23/2012 6:00:00 PM,22.4,121.3,1,955,TEMBIN,75
West Pacific,8/24/2012 12:00:00 AM,21.1,133.8,1,960,BOLAVEN,75
West Pacific,8/24/2012 12:00:00 AM,22.1,120.5,1,970,TEMBIN,65
West Pacific,8/24/2012 6:00:00 AM,21.7,133.2,1,955,BOLAVEN,75
West Pacific,8/24/2012 6:00:00 AM,22.3,119.7,1,970,TEMBIN,65
West Pacific,8/24/2012 12:00:00 PM,22.2,133,1,950,BOLAVEN,80
West Pacific,8/24/2012 12:00:00 PM,22.4,119.3,1,970,TEMBIN,65
West Pacific,8/24/2012 6:00:00 PM,22.9,132.7,1,940,BOLAVEN,80
West Pacific,8/24/2012 6:00:00 PM,22.5,118.7,1,970,TEMBIN,65
West Pacific,8/25/2012 12:00:00 AM,23.5,132.1,1,930,BOLAVEN,85
West Pacific,8/25/2012 12:00:00 AM,22.5,118.4,1,970,TEMBIN,65
West Pacific,8/25/2012 3:00:00 AM,23.8,131.8,1,925,BOLAVEN,85
West Pacific,8/25/2012 6:00:00 AM,24.2,131.3,1,920,BOLAVEN,90
West Pacific,8/25/2012 6:00:00 AM,22.3,117.8,1,970,TEMBIN,65
West Pacific,8/25/2012 9:00:00 AM,24.3,130.9,1,915,BOLAVEN,95
West Pacific,8/25/2012 12:00:00 PM,24.3,130.7,1,910,BOLAVEN,100
West Pacific,8/25/2012 12:00:00 PM,21.9,117.1,1,970,TEMBIN,65
West Pacific,8/25/2012 3:00:00 PM,24.5,130.4,1,920,BOLAVEN,95
West Pacific,8/25/2012 6:00:00 PM,24.7,130.2,1,920,BOLAVEN,95
West Pacific,8/25/2012 6:00:00 PM,21.4,116.7,1,970,TEMBIN,65
West Pacific,8/25/2012 9:00:00 PM,25,129.8,1,920,BOLAVEN,95
West Pacific,8/26/2012 12:00:00 AM,25.3,129.5,1,925,BOLAVEN,90
West Pacific,8/26/2012 12:00:00 AM,21.1,116.7,1,970,TEMBIN,65
West Pacific,8/26/2012 3:00:00 AM,25.6,129.2,1,925,BOLAVEN,90
West Pacific,8/26/2012 6:00:00 AM,25.9,129,1,925,BOLAVEN,90
West Pacific,8/26/2012 6:00:00 AM,20.8,116.7,1,965,TEMBIN,70
West Pacific,8/26/2012 9:00:00 AM,26.4,128.6,1,925,BOLAVEN,90
West Pacific,8/26/2012 12:00:00 PM,26.6,128,1,930,BOLAVEN,85
West Pacific,8/26/2012 12:00:00 PM,20.5,116.9,1,965,TEMBIN,70
West Pacific,8/26/2012 3:00:00 PM,26.9,127.8,1,935,BOLAVEN,85
West Pacific,8/26/2012 6:00:00 PM,27.5,127.4,1,940,BOLAVEN,80
West Pacific,8/26/2012 6:00:00 PM,20.4,117.4,1,965,TEMBIN,70
West Pacific,8/26/2012 9:00:00 PM,27.9,127.1,1,945,BOLAVEN,75
West Pacific,8/27/2012 12:00:00 AM,28.4,126.9,1,955,BOLAVEN,70
West Pacific,8/27/2012 12:00:00 AM,20.2,118,1,965,TEMBIN,70
West Pacific,8/27/2012 3:00:00 AM,29.1,126.3,1,955,BOLAVEN,70
West Pacific,8/27/2012 6:00:00 AM,29.9,126,1,960,BOLAVEN,65
West Pacific,8/27/2012 6:00:00 AM,20.7,118.6,1,965,TEMBIN,70
West Pacific,8/27/2012 12:00:00 PM,31.3,125.6,1,960,BOLAVEN,65
West Pacific,8/27/2012 12:00:00 PM,21.4,119.9,1,965,TEMBIN,70
West Pacific,8/27/2012 6:00:00 PM,33,125.5,1,960,BOLAVEN,65
West Pacific,8/27/2012 6:00:00 PM,21.8,120.9,1,965,TEMBIN,70
West Pacific,8/28/2012 12:00:00 AM,34.8,125.1,1,960,BOLAVEN,65
West Pacific,8/28/2012 12:00:00 AM,22.8,122,1,970,TEMBIN,65
West Pacific,8/28/2012 3:00:00 AM,23.3,122.4,1,970,TEMBIN,65
West Pacific,8/28/2012 6:00:00 AM,36.6,124.8,1,965,BOLAVEN,60
West Pacific,8/28/2012 6:00:00 AM,23.9,122.8,1,970,TEMBIN,65
West Pacific,8/28/2012 9:00:00 AM,24.7,123.2,1,970,TEMBIN,65
West Pacific,8/28/2012 12:00:00 PM,38.7,124.5,1,975,BOLAVEN,55
West Pacific,8/28/2012 12:00:00 PM,25.1,123.6,1,975,TEMBIN,60
West Pacific,8/28/2012 3:00:00 PM,25.6,123.6,1,975,TEMBIN,60
West Pacific,8/28/2012 6:00:00 PM,41.6,125.8,1,980,BOLAVEN,45
West Pacific,8/28/2012 6:00:00 PM,26.2,123.7,1,980,TEMBIN,55
West Pacific,8/29/2012 12:00:00 AM,44.3,128.3,1,980,BOLAVEN,45
West Pacific,8/29/2012 12:00:00 AM,27.1,123.8,1,980,TEMBIN,55
West Pacific,8/29/2012 6:00:00 AM,46,130,1,982,BOLAVEN,0
West Pacific,8/29/2012 6:00:00 AM,28.8,124.2,1,980,TEMBIN,55
West Pacific,8/29/2012 12:00:00 PM,47.7,132.4,1,984,BOLAVEN,0
West Pacific,8/29/2012 12:00:00 PM,30.5,124.9,1,980,TEMBIN,55
West Pacific,8/29/2012 6:00:00 PM,50,134.4,1,986,BOLAVEN,0
West Pacific,8/29/2012 6:00:00 PM,32.3,125,1,980,TEMBIN,55
West Pacific,8/30/2012 12:00:00 AM,51.9,139.7,1,988,BOLAVEN,0
West Pacific,8/30/2012 12:00:00 AM,33.8,126.6,1,985,TEMBIN,50
West Pacific,8/30/2012 6:00:00 AM,52.6,141.6,1,986,BOLAVEN,0
West Pacific,8/30/2012 6:00:00 AM,36,128,1,994,TEMBIN,45
West Pacific,8/30/2012 12:00:00 PM,53.7,145.9,1,988,BOLAVEN,0
West Pacific,8/30/2012 12:00:00 PM,36.5,129.4,1,1004,TEMBIN,0
West Pacific,8/30/2012 6:00:00 PM,54.9,148,1,988,BOLAVEN,0
West Pacific,8/30/2012 6:00:00 PM,38.4,131.2,1,1004,TEMBIN,0
West Pacific,8/31/2012 12:00:00 AM,54.8,150.3,1,990,BOLAVEN,0
West Pacific,8/31/2012 12:00:00 AM,38.5,131.4,1,1006,TEMBIN,0
West Pacific,8/31/2012 6:00:00 AM,55,153.2,1,992,BOLAVEN,0
West Pacific,8/31/2012 6:00:00 AM,38.6,131.9,1,1008,TEMBIN,0
West Pacific,8/31/2012 12:00:00 PM,55.3,163.7,1,996,BOLAVEN,0
West Pacific,8/31/2012 12:00:00 PM,38.6,132.2,1,1010,TEMBIN,0
West Pacific,8/31/2012 6:00:00 PM,55,167.2,1,994,BOLAVEN,0
West Pacific,8/31/2012 6:00:00 PM,39.2,132.2,1,1010,TEMBIN,0
West Pacific,9/1/2012 12:00:00 AM,54.2,172.4,1,994,BOLAVEN,0
West Pacific,9/1/2012 12:00:00 AM,39.2,132.2,1,1012,TEMBIN,0
West Pacific,9/1/2012 6:00:00 AM,53.9,174.9,1,992,BOLAVEN,0
West Pacific,9/1/2012 12:00:00 PM,53.5,178.3,1,990,BOLAVEN,0
West Pacific,9/10/2012 12:00:00 AM,8.7,134.7,1,1008,SANBA,0
West Pacific,9/10/2012 6:00:00 AM,8.9,134.6,1,1004,SANBA,0
West Pacific,9/10/2012 12:00:00 PM,9.2,134.5,1,1006,SANBA,0
West Pacific,9/10/2012 6:00:00 PM,9.6,134.3,1,1004,SANBA,0
West Pacific,9/11/2012 12:00:00 AM,10,134.1,1,1002,SANBA,35
West Pacific,9/11/2012 6:00:00 AM,10.7,133.8,1,1000,SANBA,35
West Pacific,9/11/2012 12:00:00 PM,11.4,133.3,1,998,SANBA,40
West Pacific,9/11/2012 6:00:00 PM,11.9,132.4,1,996,SANBA,40
West Pacific,9/12/2012 12:00:00 AM,12.5,131.6,1,992,SANBA,45
West Pacific,9/12/2012 6:00:00 AM,13,131.1,1,985,SANBA,55
West Pacific,9/12/2012 12:00:00 PM,13.7,130.6,1,965,SANBA,70
West Pacific,9/12/2012 6:00:00 PM,14,130.1,1,955,SANBA,75
West Pacific,9/13/2012 12:00:00 AM,14.8,129.8,1,945,SANBA,85
West Pacific,9/13/2012 6:00:00 AM,15.6,129.5,1,930,SANBA,95
West Pacific,9/13/2012 12:00:00 PM,16.3,129.6,1,910,SANBA,105
West Pacific,9/13/2012 6:00:00 PM,17.2,129.7,1,900,SANBA,110
West Pacific,9/14/2012 12:00:00 AM,18.1,129.7,1,900,SANBA,110
West Pacific,9/14/2012 6:00:00 AM,19.1,129.8,1,900,SANBA,110
West Pacific,9/14/2012 12:00:00 PM,20.2,129.8,1,915,SANBA,100
West Pacific,9/14/2012 6:00:00 PM,21.4,129.5,1,915,SANBA,100
West Pacific,9/15/2012 12:00:00 AM,22.3,129.1,1,920,SANBA,100
West Pacific,9/15/2012 6:00:00 AM,23.4,128.8,1,920,SANBA,100
West Pacific,9/15/2012 9:00:00 AM,24,128.7,1,920,SANBA,100
West Pacific,9/15/2012 12:00:00 PM,24.5,128.5,1,925,SANBA,95
West Pacific,9/15/2012 3:00:00 PM,25.1,128.2,1,925,SANBA,95
West Pacific,9/15/2012 6:00:00 PM,25.6,128.2,1,935,SANBA,90
West Pacific,9/15/2012 9:00:00 PM,26.4,128.2,1,935,SANBA,90
West Pacific,9/15/2012 10:00:00 PM,26.6,128.2,1,935,SANBA,90
West Pacific,9/16/2012 12:00:00 AM,27,128.1,1,935,SANBA,90
West Pacific,9/16/2012 3:00:00 AM,27.8,128.2,1,935,SANBA,90
West Pacific,9/16/2012 6:00:00 AM,28.8,128.1,1,935,SANBA,90
West Pacific,9/16/2012 9:00:00 AM,29.8,128.1,1,935,SANBA,90
West Pacific,9/16/2012 12:00:00 PM,30.6,127.9,1,935,SANBA,90
West Pacific,9/16/2012 3:00:00 PM,31.4,127.8,1,940,SANBA,85
West Pacific,9/16/2012 6:00:00 PM,32.2,127.9,1,940,SANBA,85
West Pacific,9/16/2012 9:00:00 PM,33,127.8,1,940,SANBA,85
West Pacific,9/17/2012 12:00:00 AM,34,127.9,1,955,SANBA,75
West Pacific,9/17/2012 3:00:00 AM,34.9,128,1,965,SANBA,70
West Pacific,9/17/2012 6:00:00 AM,36.3,128.5,1,980,SANBA,55
West Pacific,9/17/2012 12:00:00 PM,38.6,129.6,1,990,SANBA,45
West Pacific,9/17/2012 6:00:00 PM,40.9,130.6,1,990,SANBA,45
West Pacific,9/18/2012 12:00:00 AM,43.6,132.9,1,992,SANBA,0
West Pacific,9/18/2012 6:00:00 AM,45.8,134.6,1,996,SANBA,0
West Pacific,9/18/2012 12:00:00 PM,47.4,134.2,1,1000,SANBA,0
West Pacific,9/18/2012 6:00:00 PM,48,135.1,1,1002,SANBA,0
West Pacific,9/20/2012 12:00:00 AM,13.7,134.8,1,1010,JELAWAT,0
West Pacific,9/20/2012 6:00:00 AM,13.8,133.4,1,1006,JELAWAT,0
West Pacific,9/20/2012 12:00:00 PM,13.5,132,1,1006,JELAWAT,0
West Pacific,9/20/2012 6:00:00 PM,13.3,131.5,1,1002,JELAWAT,35
West Pacific,9/21/2012 12:00:00 AM,13.1,130.9,1,996,JELAWAT,45
West Pacific,9/21/2012 6:00:00 AM,12.5,130.4,1,992,JELAWAT,45
West Pacific,9/21/2012 12:00:00 PM,12.3,130.3,1,990,JELAWAT,45
West Pacific,9/21/2012 6:00:00 PM,11.9,130.1,1,990,JELAWAT,45
West Pacific,9/22/2012 12:00:00 AM,11.7,130,1,990,JELAWAT,50
West Pacific,9/22/2012 6:00:00 AM,11.7,129.8,1,990,JELAWAT,50
West Pacific,9/22/2012 12:00:00 PM,11.7,129.6,1,980,JELAWAT,55
West Pacific,9/22/2012 6:00:00 PM,11.7,129.3,1,975,JELAWAT,60
West Pacific,9/23/2012 12:00:00 AM,11.8,128.9,1,965,JELAWAT,70
West Pacific,9/23/2012 6:00:00 AM,15.6,140.5,1,1004,EWINIAR,0
West Pacific,9/23/2012 6:00:00 AM,12.1,128.9,1,940,JELAWAT,85
West Pacific,9/23/2012 12:00:00 PM,16.7,140.3,1,1004,EWINIAR,0
West Pacific,9/23/2012 12:00:00 PM,12.7,128.7,1,925,JELAWAT,100
West Pacific,9/23/2012 6:00:00 PM,17.6,139.8,1,1004,EWINIAR,0
West Pacific,9/23/2012 6:00:00 PM,13,128.6,1,925,JELAWAT,100
West Pacific,9/24/2012 12:00:00 AM,18.5,139.1,1,1004,EWINIAR,0
West Pacific,9/24/2012 12:00:00 AM,13.6,128.5,1,925,JELAWAT,100
West Pacific,9/24/2012 6:00:00 AM,19.4,138.8,1,1004,EWINIAR,0
West Pacific,9/24/2012 6:00:00 AM,14.2,128.2,1,925,JELAWAT,100
West Pacific,9/24/2012 12:00:00 PM,20.3,138.5,1,1000,EWINIAR,35
West Pacific,9/24/2012 12:00:00 PM,14.6,128.1,1,910,JELAWAT,105
West Pacific,9/24/2012 6:00:00 PM,21.2,138.4,1,998,EWINIAR,35
West Pacific,9/24/2012 6:00:00 PM,15.2,127.9,1,905,JELAWAT,110
West Pacific,9/25/2012 12:00:00 AM,21.9,138.4,1,996,EWINIAR,40
West Pacific,9/25/2012 12:00:00 AM,15.7,127.8,1,905,JELAWAT,110
West Pacific,9/25/2012 6:00:00 AM,22.7,138.5,1,996,EWINIAR,40
West Pacific,9/25/2012 6:00:00 AM,16.4,127.5,1,905,JELAWAT,110
West Pacific,9/25/2012 12:00:00 PM,23.1,139,1,994,EWINIAR,40
West Pacific,9/25/2012 12:00:00 PM,16.8,127.1,1,905,JELAWAT,110
West Pacific,9/25/2012 6:00:00 PM,24.3,140.5,1,990,EWINIAR,45
West Pacific,9/25/2012 6:00:00 PM,17.1,126.8,1,905,JELAWAT,110
West Pacific,9/26/2012 12:00:00 AM,25.3,141.3,1,990,EWINIAR,45
West Pacific,9/26/2012 12:00:00 AM,17.4,126.5,1,905,JELAWAT,110
West Pacific,9/26/2012 3:00:00 AM,25.7,141.4,1,990,EWINIAR,45
West Pacific,9/26/2012 6:00:00 AM,26.3,142.4,1,985,EWINIAR,50
West Pacific,9/26/2012 6:00:00 AM,18,126.1,1,905,JELAWAT,110
West Pacific,9/26/2012 9:00:00 AM,27.1,142.6,1,985,EWINIAR,50
West Pacific,9/26/2012 12:00:00 PM,28.1,142.6,1,985,EWINIAR,50
West Pacific,9/26/2012 12:00:00 PM,18.4,125.9,1,905,JELAWAT,110
West Pacific,9/26/2012 6:00:00 PM,29.1,142.5,1,985,EWINIAR,50
West Pacific,9/26/2012 6:00:00 PM,19.1,125.4,1,915,JELAWAT,105
West Pacific,9/27/2012 12:00:00 AM,30.4,142.2,1,985,EWINIAR,50
West Pacific,9/27/2012 12:00:00 AM,19.6,124.8,1,920,JELAWAT,100
West Pacific,9/27/2012 6:00:00 AM,31.2,142.1,1,985,EWINIAR,50
West Pacific,9/27/2012 6:00:00 AM,20.2,124.4,1,920,JELAWAT,100
West Pacific,9/27/2012 12:00:00 PM,31.6,141.6,1,985,EWINIAR,50
West Pacific,9/27/2012 12:00:00 PM,20.9,124.1,1,920,JELAWAT,100
West Pacific,9/27/2012 6:00:00 PM,31.4,141.7,1,985,EWINIAR,50
West Pacific,9/27/2012 6:00:00 PM,21.6,123.9,1,920,JELAWAT,100
West Pacific,9/27/2012 9:00:00 PM,22,124,1,920,JELAWAT,100
West Pacific,9/28/2012 12:00:00 AM,31.5,142.4,1,985,EWINIAR,50
West Pacific,9/28/2012 12:00:00 AM,22.4,124.1,1,920,JELAWAT,100
West Pacific,9/28/2012 3:00:00 AM,22.9,124.2,1,920,JELAWAT,100
West Pacific,9/28/2012 6:00:00 AM,31.9,143.1,1,985,EWINIAR,50
West Pacific,9/28/2012 6:00:00 AM,23.4,124.4,1,925,JELAWAT,95
West Pacific,9/28/2012 9:00:00 AM,23.9,124.8,1,925,JELAWAT,95
West Pacific,9/28/2012 12:00:00 PM,32.6,144.2,1,985,EWINIAR,50
West Pacific,9/28/2012 12:00:00 PM,24.2,125.1,1,925,JELAWAT,90
West Pacific,9/28/2012 3:00:00 PM,24.6,125.6,1,925,JELAWAT,90
West Pacific,9/28/2012 6:00:00 PM,33.5,145,1,985,EWINIAR,50
West Pacific,9/28/2012 6:00:00 PM,25,126,1,930,JELAWAT,90
West Pacific,9/28/2012 9:00:00 PM,25.5,126.6,1,930,JELAWAT,90
West Pacific,9/29/2012 12:00:00 AM,34.5,145.8,1,992,EWINIAR,45
West Pacific,9/29/2012 12:00:00 AM,13,112.4,1,1008,GAEMI,0
West Pacific,9/29/2012 12:00:00 AM,26,127.2,1,930,JELAWAT,90
West Pacific,9/29/2012 3:00:00 AM,26.6,127.7,1,935,JELAWAT,90
West Pacific,9/29/2012 6:00:00 AM,36.5,147.3,1,992,EWINIAR,45
West Pacific,9/29/2012 6:00:00 AM,13.3,112.7,1,1006,GAEMI,0
West Pacific,9/29/2012 6:00:00 AM,26.9,128.5,1,935,JELAWAT,90
West Pacific,9/29/2012 9:00:00 AM,27.5,129.4,1,935,JELAWAT,90
West Pacific,9/29/2012 12:00:00 PM,37.8,149.1,1,994,EWINIAR,45
West Pacific,9/29/2012 12:00:00 PM,13.5,113.1,1,1006,GAEMI,0
West Pacific,9/29/2012 12:00:00 PM,27.9,130.3,1,940,JELAWAT,90
West Pacific,9/29/2012 12:00:00 PM,12.8,151,1,1006,MALIKSI,0
West Pacific,9/29/2012 3:00:00 PM,28.6,131.2,1,940,JELAWAT,85
West Pacific,9/29/2012 6:00:00 PM,39.2,151.1,1,996,EWINIAR,40
West Pacific,9/29/2012 6:00:00 PM,13.8,113.3,1,1006,GAEMI,0
West Pacific,9/29/2012 6:00:00 PM,29.3,132.4,1,945,JELAWAT,85
West Pacific,9/29/2012 6:00:00 PM,13.5,150.6,1,1004,MALIKSI,0
West Pacific,9/29/2012 9:00:00 PM,30.2,133.5,1,945,JELAWAT,85
West Pacific,9/30/2012 12:00:00 AM,40.8,154.1,1,1000,EWINIAR,0
West Pacific,9/30/2012 12:00:00 AM,14.2,113.5,1,1008,GAEMI,0
West Pacific,9/30/2012 12:00:00 AM,31.5,134.2,1,950,JELAWAT,80
West Pacific,9/30/2012 12:00:00 AM,13.9,150,1,1004,MALIKSI,0
West Pacific,9/30/2012 3:00:00 AM,32.5,134.7,1,950,JELAWAT,80
West Pacific,9/30/2012 6:00:00 AM,41.5,158.2,1,1004,EWINIAR,0
West Pacific,9/30/2012 6:00:00 AM,14.8,113.5,1,1006,GAEMI,0
West Pacific,9/30/2012 6:00:00 AM,33.5,135.7,1,965,JELAWAT,70
West Pacific,9/30/2012 6:00:00 AM,14.3,149.6,1,1002,MALIKSI,0
West Pacific,9/30/2012 8:00:00 AM,34.1,136.6,1,965,JELAWAT,70
West Pacific,9/30/2012 9:00:00 AM,34.4,137,1,970,JELAWAT,70
West Pacific,9/30/2012 10:00:00 AM,34.8,137.4,1,975,JELAWAT,70
West Pacific,9/30/2012 12:00:00 PM,42.3,162,1,1002,EWINIAR,0
West Pacific,9/30/2012 12:00:00 PM,15.3,113.5,1,1006,GAEMI,0
West Pacific,9/30/2012 12:00:00 PM,35.7,138.3,1,980,JELAWAT,65
West Pacific,9/30/2012 12:00:00 PM,16,148.9,1,1002,MALIKSI,0
West Pacific,9/30/2012 3:00:00 PM,37,139.5,1,980,JELAWAT,65
West Pacific,9/30/2012 6:00:00 PM,43,167.2,1,1002,EWINIAR,0
West Pacific,9/30/2012 6:00:00 PM,15.7,113.9,1,1006,GAEMI,0
West Pacific,9/30/2012 6:00:00 PM,39.1,141,1,985,JELAWAT,55
West Pacific,9/30/2012 6:00:00 PM,16.4,147.7,1,1000,MALIKSI,0
West Pacific,9/30/2012 9:00:00 PM,40.6,143.1,1,985,JELAWAT,55
West Pacific,10/1/2012 12:00:00 AM,16.3,114.7,1,1008,GAEMI,0
West Pacific,10/1/2012 12:00:00 AM,41.9,144.4,1,990,JELAWAT,50
West Pacific,10/1/2012 12:00:00 AM,17.1,146.9,1,1002,MALIKSI,0
West Pacific,10/1/2012 3:00:00 AM,42.7,147.1,1,990,JELAWAT,50
West Pacific,10/1/2012 6:00:00 AM,17.1,115,1,1006,GAEMI,0
West Pacific,10/1/2012 6:00:00 AM,44,149,1,990,JELAWAT,45
West Pacific,10/1/2012 6:00:00 AM,17.9,146.2,1,998,MALIKSI,35
West Pacific,10/1/2012 12:00:00 PM,17.2,115,1,1002,GAEMI,35
West Pacific,10/1/2012 12:00:00 PM,46,155,1,992,JELAWAT,0
West Pacific,10/1/2012 12:00:00 PM,19.3,145.3,1,996,MALIKSI,40
West Pacific,10/1/2012 6:00:00 PM,16.9,115,1,1002,GAEMI,35
West Pacific,10/1/2012 6:00:00 PM,47.1,160.7,1,992,JELAWAT,0
West Pacific,10/1/2012 6:00:00 PM,19.5,144.2,1,994,MALIKSI,40
West Pacific,10/2/2012 12:00:00 AM,16.5,115.4,1,1004,GAEMI,35
West Pacific,10/2/2012 12:00:00 AM,47.8,165.7,1,984,JELAWAT,0
West Pacific,10/2/2012 12:00:00 AM,20.3,143.6,1,992,MALIKSI,40
West Pacific,10/2/2012 6:00:00 AM,16,115.8,1,1002,GAEMI,35
West Pacific,10/2/2012 6:00:00 AM,48,170.7,1,984,JELAWAT,0
West Pacific,10/2/2012 6:00:00 AM,20.9,142.6,1,992,MALIKSI,40
West Pacific,10/2/2012 12:00:00 PM,15.6,116.4,1,1000,GAEMI,35
West Pacific,10/2/2012 12:00:00 PM,48.2,175.5,1,982,JELAWAT,0
West Pacific,10/2/2012 12:00:00 PM,21.3,142.3,1,992,MALIKSI,40
West Pacific,10/2/2012 6:00:00 PM,15.4,116.8,1,996,GAEMI,40
West Pacific,10/2/2012 6:00:00 PM,48.6,179.8,1,982,JELAWAT,0
West Pacific,10/2/2012 6:00:00 PM,22.4,141.4,1,990,MALIKSI,45
West Pacific,10/3/2012 12:00:00 AM,15.4,117.2,1,992,GAEMI,45
West Pacific,10/3/2012 12:00:00 AM,24.5,140.9,1,985,MALIKSI,50
West Pacific,10/3/2012 3:00:00 AM,25.4,141,1,985,MALIKSI,50
West Pacific,10/3/2012 6:00:00 AM,15.3,117.7,1,990,GAEMI,50
West Pacific,10/3/2012 6:00:00 AM,26,141.6,1,985,MALIKSI,50
West Pacific,10/3/2012 9:00:00 AM,27.1,142,1,985,MALIKSI,50
West Pacific,10/3/2012 12:00:00 PM,15.3,118,1,990,GAEMI,50
West Pacific,10/3/2012 12:00:00 PM,28.4,142,1,985,MALIKSI,50
West Pacific,10/3/2012 6:00:00 PM,15.2,118.2,1,992,GAEMI,45
West Pacific,10/3/2012 6:00:00 PM,30.9,141.8,1,985,MALIKSI,50
West Pacific,10/4/2012 12:00:00 AM,15,118.3,1,992,GAEMI,45
West Pacific,10/4/2012 12:00:00 AM,34.1,144,1,985,MALIKSI,50
West Pacific,10/4/2012 6:00:00 AM,14.9,118.2,1,992,GAEMI,45
West Pacific,10/4/2012 6:00:00 AM,37,146,1,982,MALIKSI,0
West Pacific,10/4/2012 12:00:00 PM,14.6,118,1,994,GAEMI,40
West Pacific,10/4/2012 12:00:00 PM,40,149.5,1,976,MALIKSI,0
West Pacific,10/4/2012 6:00:00 PM,14.4,117.4,1,994,GAEMI,40
West Pacific,10/4/2012 6:00:00 PM,42.5,152.8,1,972,MALIKSI,0
West Pacific,10/5/2012 12:00:00 AM,14.5,116.6,1,994,GAEMI,40
West Pacific,10/5/2012 12:00:00 AM,43.8,155.2,1,968,MALIKSI,0
West Pacific,10/5/2012 12:00:00 AM,14.5,144.5,1,1006,PRAPIROON,0
West Pacific,10/5/2012 6:00:00 AM,14.6,115.8,1,996,GAEMI,35
West Pacific,10/5/2012 6:00:00 AM,44.9,157.1,1,964,MALIKSI,0
West Pacific,10/5/2012 6:00:00 AM,14.8,143.4,1,1006,PRAPIROON,0
West Pacific,10/5/2012 12:00:00 PM,14.4,114.6,1,998,GAEMI,35
West Pacific,10/5/2012 12:00:00 PM,45.9,159.2,1,960,MALIKSI,0
West Pacific,10/5/2012 12:00:00 PM,15.1,142.3,1,1006,PRAPIROON,0
West Pacific,10/5/2012 6:00:00 PM,13.9,113,1,998,GAEMI,35
West Pacific,10/5/2012 6:00:00 PM,45.8,162.2,1,960,MALIKSI,0
West Pacific,10/5/2012 6:00:00 PM,15.6,141.6,1,1006,PRAPIROON,0
West Pacific,10/6/2012 12:00:00 AM,13.2,111.5,1,998,GAEMI,35
West Pacific,10/6/2012 12:00:00 AM,45.7,167,1,968,MALIKSI,0
West Pacific,10/6/2012 12:00:00 AM,16.3,140.8,1,1006,PRAPIROON,0
West Pacific,10/6/2012 6:00:00 AM,13.1,110.2,1,1000,GAEMI,35
West Pacific,10/6/2012 6:00:00 AM,45.3,172.1,1,972,MALIKSI,0
West Pacific,10/6/2012 6:00:00 AM,16.9,140.4,1,1004,PRAPIROON,0
West Pacific,10/6/2012 12:00:00 PM,13.1,108.8,1,1004,GAEMI,0
West Pacific,10/6/2012 12:00:00 PM,45.1,177.3,1,976,MALIKSI,0
West Pacific,10/6/2012 12:00:00 PM,17.3,139.9,1,1004,PRAPIROON,0
West Pacific,10/6/2012 6:00:00 PM,13,107.6,1,1006,GAEMI,0
West Pacific,10/6/2012 6:00:00 PM,17.7,139.1,1,1002,PRAPIROON,0
West Pacific,10/7/2012 12:00:00 AM,12.6,106.2,1,1008,GAEMI,0
West Pacific,10/7/2012 12:00:00 AM,17.7,138.3,1,1002,PRAPIROON,0
West Pacific,10/7/2012 6:00:00 AM,12.6,105.2,1,1006,GAEMI,0
West Pacific,10/7/2012 6:00:00 AM,17.8,137.3,1,1002,PRAPIROON,0
West Pacific,10/7/2012 12:00:00 PM,12.9,104,1,1006,GAEMI,0
West Pacific,10/7/2012 12:00:00 PM,17.8,136.6,1,1000,PRAPIROON,35
West Pacific,10/7/2012 6:00:00 PM,17.8,136,1,994,PRAPIROON,40
West Pacific,10/8/2012 12:00:00 AM,17.9,135.5,1,985,PRAPIROON,50
West Pacific,10/8/2012 6:00:00 AM,18,135,1,980,PRAPIROON,55
West Pacific,10/8/2012 12:00:00 PM,18.4,133.9,1,980,PRAPIROON,55
West Pacific,10/8/2012 6:00:00 PM,18.1,133.3,1,970,PRAPIROON,65
West Pacific,10/9/2012 12:00:00 AM,17.7,132.5,1,970,PRAPIROON,65
West Pacific,10/9/2012 6:00:00 AM,17.6,132.1,1,970,PRAPIROON,65
West Pacific,10/9/2012 12:00:00 PM,18,132,1,965,PRAPIROON,65
West Pacific,10/9/2012 6:00:00 PM,18.2,131.7,1,960,PRAPIROON,70
West Pacific,10/10/2012 12:00:00 AM,18.3,130.9,1,960,PRAPIROON,70
West Pacific,10/10/2012 6:00:00 AM,18.6,130.4,1,950,PRAPIROON,80
West Pacific,10/10/2012 12:00:00 PM,18.6,130.1,1,950,PRAPIROON,80
West Pacific,10/10/2012 6:00:00 PM,18.9,129.5,1,950,PRAPIROON,80
West Pacific,10/11/2012 12:00:00 AM,19.1,129,1,950,PRAPIROON,80
West Pacific,10/11/2012 6:00:00 AM,19.5,128.6,1,950,PRAPIROON,80
West Pacific,10/11/2012 12:00:00 PM,19.5,128.4,1,940,PRAPIROON,90
West Pacific,10/11/2012 6:00:00 PM,19.5,128.4,1,940,PRAPIROON,90
West Pacific,10/12/2012 12:00:00 AM,19.6,128.5,1,940,PRAPIROON,90
West Pacific,10/12/2012 6:00:00 AM,19.9,128.9,1,940,PRAPIROON,90
West Pacific,10/12/2012 12:00:00 PM,20.1,129.3,1,940,PRAPIROON,90
West Pacific,10/12/2012 6:00:00 PM,16.1,147.2,1,1010,MARIA,0
West Pacific,10/12/2012 6:00:00 PM,20.4,129.6,1,950,PRAPIROON,80
West Pacific,10/13/2012 12:00:00 AM,16.2,146.8,1,1008,MARIA,0
West Pacific,10/13/2012 12:00:00 AM,20.7,129.8,1,950,PRAPIROON,80
West Pacific,10/13/2012 6:00:00 AM,16.3,146.1,1,1008,MARIA,0
West Pacific,10/13/2012 6:00:00 AM,21.1,129.9,1,955,PRAPIROON,75
West Pacific,10/13/2012 12:00:00 PM,16.5,145.5,1,1008,MARIA,0
West Pacific,10/13/2012 12:00:00 PM,21.4,129.8,1,955,PRAPIROON,75
West Pacific,10/13/2012 6:00:00 PM,16.9,145.2,1,1008,MARIA,0
West Pacific,10/13/2012 6:00:00 PM,21.5,130.4,1,955,PRAPIROON,75
West Pacific,10/14/2012 12:00:00 AM,17.4,144.6,1,1006,MARIA,0
West Pacific,10/14/2012 12:00:00 AM,22,130.8,1,955,PRAPIROON,75
West Pacific,10/14/2012 6:00:00 AM,17.5,143.7,1,1002,MARIA,35
West Pacific,10/14/2012 6:00:00 AM,22.4,130.9,1,955,PRAPIROON,75
West Pacific,10/14/2012 12:00:00 PM,17.9,143.1,1,998,MARIA,40
West Pacific,10/14/2012 12:00:00 PM,22.6,131.4,1,955,PRAPIROON,75
West Pacific,10/14/2012 6:00:00 PM,18.6,142.4,1,994,MARIA,45
West Pacific,10/14/2012 6:00:00 PM,22.8,131.4,1,960,PRAPIROON,70
West Pacific,10/15/2012 12:00:00 AM,19.3,141.7,1,990,MARIA,50
West Pacific,10/15/2012 12:00:00 AM,22.8,131.2,1,960,PRAPIROON,70
West Pacific,10/15/2012 6:00:00 AM,20.7,141.2,1,990,MARIA,50
West Pacific,10/15/2012 6:00:00 AM,22.6,131.2,1,960,PRAPIROON,70
West Pacific,10/15/2012 12:00:00 PM,22.7,141.1,1,990,MARIA,50
West Pacific,10/15/2012 12:00:00 PM,22.4,131.1,1,960,PRAPIROON,70
West Pacific,10/15/2012 6:00:00 PM,24.3,140.5,1,990,MARIA,50
West Pacific,10/15/2012 6:00:00 PM,22.3,130.5,1,965,PRAPIROON,65
West Pacific,10/16/2012 12:00:00 AM,25.4,140.7,1,994,MARIA,45
West Pacific,10/16/2012 12:00:00 AM,21.8,130.1,1,970,PRAPIROON,60
West Pacific,10/16/2012 6:00:00 AM,26.7,140.8,1,994,MARIA,45
West Pacific,10/16/2012 6:00:00 AM,21.4,129.5,1,970,PRAPIROON,60
West Pacific,10/16/2012 12:00:00 PM,27.4,141.1,1,996,MARIA,45
West Pacific,10/16/2012 12:00:00 PM,21.7,128.9,1,970,PRAPIROON,60
West Pacific,10/16/2012 6:00:00 PM,28.3,142.2,1,996,MARIA,45
West Pacific,10/16/2012 6:00:00 PM,22.5,128.6,1,975,PRAPIROON,55
West Pacific,10/17/2012 12:00:00 AM,28.8,143.5,1,996,MARIA,45
West Pacific,10/17/2012 12:00:00 AM,23.2,128.3,1,975,PRAPIROON,55
West Pacific,10/17/2012 6:00:00 AM,29.5,144.7,1,996,MARIA,45
West Pacific,10/17/2012 6:00:00 AM,24.2,128.7,1,980,PRAPIROON,55
West Pacific,10/17/2012 12:00:00 PM,30.1,146.4,1,996,MARIA,45
West Pacific,10/17/2012 12:00:00 PM,24.9,129.5,1,980,PRAPIROON,55
West Pacific,10/17/2012 3:00:00 PM,25.5,130,1,980,PRAPIROON,55
West Pacific,10/17/2012 6:00:00 PM,31,148.5,1,996,MARIA,45
West Pacific,10/17/2012 6:00:00 PM,25.9,130.5,1,980,PRAPIROON,55
West Pacific,10/17/2012 9:00:00 PM,26.6,131.1,1,980,PRAPIROON,55
West Pacific,10/18/2012 12:00:00 AM,31.4,150.5,1,996,MARIA,45
West Pacific,10/18/2012 12:00:00 AM,27.3,131.8,1,985,PRAPIROON,50
West Pacific,10/18/2012 3:00:00 AM,27.7,132.8,1,985,PRAPIROON,50
West Pacific,10/18/2012 6:00:00 AM,32,152.8,1,998,MARIA,45
West Pacific,10/18/2012 6:00:00 AM,28.5,134,1,990,PRAPIROON,50
West Pacific,10/18/2012 12:00:00 PM,31.9,154.9,1,1000,MARIA,40
West Pacific,10/18/2012 12:00:00 PM,30.2,136.4,1,990,PRAPIROON,50
West Pacific,10/18/2012 6:00:00 PM,31.7,156.2,1,1004,MARIA,35
West Pacific,10/18/2012 6:00:00 PM,31.3,139.3,1,990,PRAPIROON,50
West Pacific,10/19/2012 12:00:00 AM,31.5,157.4,1,1006,MARIA,0
West Pacific,10/19/2012 12:00:00 AM,32.5,142.5,1,994,PRAPIROON,50
West Pacific,10/19/2012 6:00:00 AM,31.2,158.6,1,1008,MARIA,0
West Pacific,10/19/2012 6:00:00 AM,32.7,145.9,1,994,PRAPIROON,50
West Pacific,10/19/2012 12:00:00 PM,31.2,159.6,1,1010,MARIA,0
West Pacific,10/19/2012 12:00:00 PM,34,149,1,998,PRAPIROON,0
West Pacific,10/19/2012 6:00:00 PM,31.7,160.4,1,1010,MARIA,0
West Pacific,10/19/2012 6:00:00 PM,33.1,151.9,1,1000,PRAPIROON,0
West Pacific,10/20/2012 12:00:00 AM,32.2,161.1,1,1010,MARIA,0
West Pacific,10/20/2012 12:00:00 AM,33.3,155.4,1,1004,PRAPIROON,0
West Pacific,10/20/2012 6:00:00 AM,33.4,157.9,1,1004,PRAPIROON,0
West Pacific,10/20/2012 12:00:00 PM,33.6,160,1,1004,PRAPIROON,0
West Pacific,10/20/2012 6:00:00 PM,33.6,162,1,1004,PRAPIROON,0
West Pacific,10/21/2012 12:00:00 AM,33.3,163.4,1,1004,PRAPIROON,0
West Pacific,10/21/2012 6:00:00 AM,33.3,164.6,1,1006,PRAPIROON,0
West Pacific,10/21/2012 12:00:00 PM,33.5,165.4,1,1004,PRAPIROON,0
West Pacific,10/21/2012 12:00:00 PM,6.4,135,1,1008,SON-TINH,0
West Pacific,10/21/2012 6:00:00 PM,35.2,167.4,1,1004,PRAPIROON,0
West Pacific,10/21/2012 6:00:00 PM,6.9,133.7,1,1004,SON-TINH,0
West Pacific,10/22/2012 12:00:00 AM,37.6,169.5,1,1004,PRAPIROON,0
West Pacific,10/22/2012 12:00:00 AM,7.4,133.4,1,1006,SON-TINH,0
West Pacific,10/22/2012 6:00:00 AM,41.3,172.6,1,1004,PRAPIROON,0
West Pacific,10/22/2012 6:00:00 AM,8,132.7,1,1004,SON-TINH,0
West Pacific,10/22/2012 12:00:00 PM,45.7,173.8,1,996,PRAPIROON,0
West Pacific,10/22/2012 12:00:00 PM,8.6,131.9,1,1004,SON-TINH,0
West Pacific,10/22/2012 6:00:00 PM,47.8,175.7,1,988,PRAPIROON,0
West Pacific,10/22/2012 6:00:00 PM,8.8,131,1,1004,SON-TINH,0
West Pacific,10/23/2012 12:00:00 AM,49.4,176.9,1,984,PRAPIROON,0
West Pacific,10/23/2012 12:00:00 AM,8.4,130,1,1004,SON-TINH,0
West Pacific,10/23/2012 6:00:00 AM,50.4,177.6,1,982,PRAPIROON,0
West Pacific,10/23/2012 6:00:00 AM,8,128.9,1,1000,SON-TINH,0
West Pacific,10/23/2012 12:00:00 PM,51,178.8,1,982,PRAPIROON,0
West Pacific,10/23/2012 12:00:00 PM,8.3,128.1,1,1000,SON-TINH,35
West Pacific,10/23/2012 6:00:00 PM,8.8,127.5,1,998,SON-TINH,35
West Pacific,10/24/2012 12:00:00 AM,10,126.3,1,998,SON-TINH,35
West Pacific,10/24/2012 6:00:00 AM,10.8,124.9,1,996,SON-TINH,35
West Pacific,10/24/2012 12:00:00 PM,11.4,123.9,1,998,SON-TINH,35
West Pacific,10/24/2012 6:00:00 PM,11.9,122.3,1,996,SON-TINH,40
West Pacific,10/25/2012 12:00:00 AM,12.8,120.9,1,998,SON-TINH,40
West Pacific,10/25/2012 6:00:00 AM,14,119.6,1,998,SON-TINH,40
West Pacific,10/25/2012 12:00:00 PM,14.4,117.6,1,998,SON-TINH,40
West Pacific,10/25/2012 6:00:00 PM,14.4,116.8,1,996,SON-TINH,40
West Pacific,10/26/2012 12:00:00 AM,14.6,115.6,1,990,SON-TINH,45
West Pacific,10/26/2012 6:00:00 AM,14.9,114.8,1,980,SON-TINH,55
West Pacific,10/26/2012 12:00:00 PM,15.5,113.6,1,980,SON-TINH,55
West Pacific,10/26/2012 6:00:00 PM,16.1,112.2,1,975,SON-TINH,60
West Pacific,10/27/2012 12:00:00 AM,16.5,111,1,975,SON-TINH,60
West Pacific,10/27/2012 6:00:00 AM,17,109.7,1,965,SON-TINH,70
West Pacific,10/27/2012 12:00:00 PM,17.5,108.9,1,945,SON-TINH,85
West Pacific,10/27/2012 6:00:00 PM,18.1,107.8,1,955,SON-TINH,80
West Pacific,10/28/2012 12:00:00 AM,18.4,107.5,1,965,SON-TINH,75
West Pacific,10/28/2012 6:00:00 AM,19.2,107.1,1,970,SON-TINH,70
West Pacific,10/28/2012 12:00:00 PM,19.8,106.7,1,980,SON-TINH,60
West Pacific,10/28/2012 6:00:00 PM,20.7,106.6,1,990,SON-TINH,45
West Pacific,10/29/2012 12:00:00 AM,21.3,107,1,1004,SON-TINH,35
West Pacific,10/29/2012 6:00:00 AM,21.5,107.1,1,1008,SON-TINH,0
West Pacific,10/29/2012 12:00:00 PM,21.8,107.6,1,1008,SON-TINH,0
West Pacific,11/25/2012 6:00:00 PM,3.4,156.9,1,1004,BOPHA,0
West Pacific,11/26/2012 12:00:00 AM,3.7,156.7,1,1008,BOPHA,0
West Pacific,11/26/2012 6:00:00 AM,3.9,156.6,1,1004,BOPHA,0
West Pacific,11/26/2012 12:00:00 PM,4,156.4,1,1006,BOPHA,0
West Pacific,11/26/2012 6:00:00 PM,4.1,156.3,1,1002,BOPHA,35
West Pacific,11/27/2012 12:00:00 AM,4.3,156.2,1,1004,BOPHA,35
West Pacific,11/27/2012 6:00:00 AM,4.4,155.8,1,1002,BOPHA,35
West Pacific,11/27/2012 12:00:00 PM,4.4,155.5,1,1002,BOPHA,35
West Pacific,11/27/2012 6:00:00 PM,4.6,155.1,1,998,BOPHA,40
West Pacific,11/28/2012 12:00:00 AM,4.7,154.3,1,998,BOPHA,40
West Pacific,11/28/2012 6:00:00 AM,4.8,153.1,1,998,BOPHA,40
West Pacific,11/28/2012 12:00:00 PM,4.6,151.7,1,998,BOPHA,40
West Pacific,11/28/2012 6:00:00 PM,4.2,150.8,1,994,BOPHA,45
West Pacific,11/29/2012 12:00:00 AM,4,150,1,994,BOPHA,45
West Pacific,11/29/2012 6:00:00 AM,3.8,149.2,1,994,BOPHA,45
West Pacific,11/29/2012 12:00:00 PM,3.4,148,1,994,BOPHA,45
West Pacific,11/29/2012 6:00:00 PM,3.4,147.1,1,994,BOPHA,45
West Pacific,11/30/2012 12:00:00 AM,3.6,146.3,1,990,BOPHA,50
West Pacific,11/30/2012 6:00:00 AM,3.9,145.3,1,980,BOPHA,60
West Pacific,11/30/2012 12:00:00 PM,4.2,144.2,1,970,BOPHA,65
West Pacific,11/30/2012 6:00:00 PM,4.4,142.9,1,965,BOPHA,75
West Pacific,12/1/2012 12:00:00 AM,4.7,142.1,1,945,BOPHA,90
West Pacific,12/1/2012 6:00:00 AM,5.1,141.1,1,945,BOPHA,90
West Pacific,12/1/2012 12:00:00 PM,5.4,140,1,945,BOPHA,90
West Pacific,12/1/2012 6:00:00 PM,5.8,138.8,1,940,BOPHA,95
West Pacific,12/2/2012 12:00:00 AM,6.2,137.7,1,935,BOPHA,100
West Pacific,12/2/2012 6:00:00 AM,6.4,136,1,935,BOPHA,100
West Pacific,12/2/2012 12:00:00 PM,6.4,134.6,1,935,BOPHA,100
West Pacific,12/2/2012 6:00:00 PM,6.5,133.3,1,940,BOPHA,90
West Pacific,12/3/2012 12:00:00 AM,6.8,131.8,1,940,BOPHA,90
West Pacific,12/3/2012 6:00:00 AM,7,130.4,1,935,BOPHA,100
West Pacific,12/3/2012 12:00:00 PM,7.4,128.9,1,930,BOPHA,100
West Pacific,12/3/2012 6:00:00 PM,7.6,127.3,1,930,BOPHA,100
West Pacific,12/4/2012 12:00:00 AM,7.9,125.9,1,945,BOPHA,85
West Pacific,12/4/2012 6:00:00 AM,8.7,124.1,1,970,BOPHA,70
West Pacific,12/4/2012 12:00:00 PM,9.2,122.4,1,975,BOPHA,65
West Pacific,12/4/2012 6:00:00 PM,9.8,120.6,1,975,BOPHA,65
West Pacific,12/5/2012 12:00:00 AM,9.8,119.8,1,975,BOPHA,65
West Pacific,12/5/2012 6:00:00 AM,10.6,118.8,1,975,BOPHA,65
West Pacific,12/5/2012 12:00:00 PM,11.2,118.2,1,975,BOPHA,65
West Pacific,12/5/2012 6:00:00 PM,11.5,117.7,1,975,BOPHA,65
West Pacific,12/6/2012 12:00:00 AM,12,117,1,975,BOPHA,65
West Pacific,12/6/2012 6:00:00 AM,12.4,116.6,1,975,BOPHA,65
West Pacific,12/6/2012 12:00:00 PM,12.8,116.3,1,975,BOPHA,65
West Pacific,12/6/2012 6:00:00 PM,13.2,115.8,1,980,BOPHA,60
West Pacific,12/7/2012 12:00:00 AM,13.7,115.6,1,965,BOPHA,70
West Pacific,12/7/2012 6:00:00 AM,14.6,115.9,1,955,BOPHA,80
West Pacific,12/7/2012 12:00:00 PM,15.4,116,1,945,BOPHA,90
West Pacific,12/7/2012 6:00:00 PM,16.1,116.2,1,945,BOPHA,90
West Pacific,12/8/2012 12:00:00 AM,16.8,116.9,1,950,BOPHA,85
West Pacific,12/8/2012 6:00:00 AM,17.5,117.9,1,955,BOPHA,80
West Pacific,12/8/2012 12:00:00 PM,17.9,118.6,1,970,BOPHA,65
West Pacific,12/8/2012 6:00:00 PM,18.1,119,1,1000,BOPHA,40
West Pacific,12/9/2012 12:00:00 AM,18.1,119.2,1,1004,BOPHA,35
West Pacific,12/9/2012 6:00:00 AM,17.8,119.5,1,1006,BOPHA,0
West Pacific,12/24/2012 12:00:00 AM,7.8,132.6,1,1006,WUKONG,0
West Pacific,12/24/2012 6:00:00 AM,9,131.7,1,1002,WUKONG,0
West Pacific,12/24/2012 12:00:00 PM,9.3,130.9,1,1004,WUKONG,0
West Pacific,12/24/2012 6:00:00 PM,9.7,130,1,1004,WUKONG,0
West Pacific,12/25/2012 12:00:00 AM,10.1,128.8,1,1002,WUKONG,35
West Pacific,12/25/2012 6:00:00 AM,10.2,127.2,1,1000,WUKONG,40
West Pacific,12/25/2012 12:00:00 PM,10.4,126.3,1,1000,WUKONG,40
West Pacific,12/25/2012 6:00:00 PM,10.6,124.7,1,1000,WUKONG,40
West Pacific,12/26/2012 12:00:00 AM,10.4,123.3,1,1002,WUKONG,35
West Pacific,12/26/2012 6:00:00 AM,10.2,122,1,1002,WUKONG,35
West Pacific,12/26/2012 12:00:00 PM,10,120.4,1,1002,WUKONG,35
West Pacific,12/26/2012 6:00:00 PM,10.5,119,1,1002,WUKONG,35
West Pacific,12/27/2012 12:00:00 AM,10.3,117.4,1,1002,WUKONG,35
West Pacific,12/27/2012 6:00:00 AM,10.2,115.9,1,1002,WUKONG,35
West Pacific,12/27/2012 12:00:00 PM,10.1,114.8,1,1002,WUKONG,35
West Pacific,12/27/2012 6:00:00 PM,10.1,113.6,1,1002,WUKONG,35
West Pacific,12/28/2012 12:00:00 AM,9.7,112.5,1,1002,WUKONG,35
West Pacific,12/28/2012 6:00:00 AM,8.7,111,1,1004,WUKONG,0
West Pacific,12/28/2012 12:00:00 PM,8.2,109.8,1,1004,WUKONG,0
West Pacific,12/28/2012 6:00:00 PM,7.7,108.4,1,1004,WUKONG,0
West Pacific,12/29/2012 12:00:00 AM,7.4,107.3,1,1004,WUKONG,0
West Pacific,12/29/2012 6:00:00 AM,7,106,1,1006,WUKONG,0
West Pacific,12/29/2012 12:00:00 PM,7.1,104.9,1,1006,WUKONG,0
